plot_id,dbh,ba_per_stem,size_class,harvested,vegetation_type,milpa
1,14,0.49,tree_10to14,yes,keelenche,yes
1,10,0.25,tree_10to14,yes,keelenche,yes
1,11,0.3025,tree_10to14,yes,keelenche,yes
1,8,0.16,tree_05to09,yes,keelenche,yes
1,14,0.49,tree_10to14,yes,keelenche,yes
1,10,0.25,tree_10to14,yes,keelenche,yes
1,7,0.1225,tree_05to09,yes,keelenche,yes
1,17,0.7224999999999999,tree_15to19,yes,keelenche,yes
1,3,0.0225,sapling,yes,keelenche,yes
1,2,0.01,sapling,yes,keelenche,yes
1,1,0.0025,sapling,yes,keelenche,yes
2,7,0.1225,tree_05to09,yes,keelenche,yes
2,10,0.25,tree_10to14,yes,keelenche,yes
2,6,0.09,tree_05to09,yes,keelenche,yes
2,4,0.04,sapling,yes,keelenche,yes
2,21,1.1024999999999998,tree_20plus,yes,keelenche,yes
2,8,0.16,tree_05to09,yes,keelenche,yes
2,16,0.64,tree_15to19,yes,keelenche,yes
2,5,0.0625,tree_05to09,yes,keelenche,yes
2,14,0.49,tree_10to14,yes,keelenche,yes
2,18,0.8099999999999999,tree_15to19,yes,keelenche,yes
2,7,0.1225,tree_05to09,yes,keelenche,yes
2,20,1,tree_20plus,yes,keelenche,yes
2,8,0.16,tree_05to09,yes,keelenche,yes
2,9,0.20249999999999999,tree_05to09,yes,keelenche,yes
2,16,0.64,tree_15to19,yes,keelenche,yes
2,14,0.49,tree_10to14,yes,keelenche,yes
2,7,0.1225,tree_05to09,yes,keelenche,yes
2,3,0.0225,sapling,yes,keelenche,yes
2,6,0.09,tree_05to09,yes,keelenche,yes
2,7,0.1225,tree_05to09,yes,keelenche,yes
2,8,0.16,tree_05to09,yes,keelenche,yes
2,4,0.04,sapling,yes,keelenche,yes
2,7,0.1225,tree_05to09,yes,keelenche,yes
2,16,0.64,tree_15to19,yes,keelenche,yes
2,19,0.9024999999999999,tree_15to19,yes,keelenche,yes
2,10,0.25,tree_10to14,yes,keelenche,yes
2,14,0.49,tree_10to14,yes,keelenche,yes
2,7,0.1225,tree_05to09,yes,keelenche,yes
2,16,0.64,tree_15to19,yes,keelenche,yes
2,8,0.16,tree_05to09,yes,keelenche,yes
3,14,0.49,tree_10to14,no,keelenche,yes
3,11,0.3025,tree_10to14,no,keelenche,yes
3,15,0.5625,tree_15to19,no,keelenche,yes
3,13,0.4225,tree_10to14,no,keelenche,yes
3,10,0.25,tree_10to14,no,keelenche,yes
3,7,0.1225,tree_05to09,no,keelenche,yes
3,5,0.0625,tree_05to09,no,keelenche,yes
3,6,0.09,tree_05to09,no,keelenche,yes
3,7,0.1225,tree_05to09,no,keelenche,yes
3,5,0.0625,tree_05to09,no,keelenche,yes
3,7,0.1225,tree_05to09,no,keelenche,yes
3,7,0.1225,tree_05to09,no,keelenche,yes
3,12,0.36,tree_10to14,no,keelenche,yes
3,8,0.16,tree_05to09,no,keelenche,yes
3,8,0.16,tree_05to09,no,keelenche,yes
3,5,0.0625,tree_05to09,no,keelenche,yes
3,8,0.16,tree_05to09,no,keelenche,yes
3,16,0.64,tree_15to19,no,keelenche,yes
3,16,0.64,tree_15to19,no,keelenche,yes
3,18,0.8099999999999999,tree_15to19,no,keelenche,yes
3,5,0.0625,tree_05to09,no,keelenche,yes
3,9,0.20249999999999999,tree_05to09,no,keelenche,yes
3,11,0.3025,tree_10to14,no,keelenche,yes
3,7,0.1225,tree_05to09,no,keelenche,yes
3,11,0.3025,tree_10to14,no,keelenche,yes
3,5,0.0625,tree_05to09,no,keelenche,yes
3,6,0.09,tree_05to09,no,keelenche,yes
3,9,0.20249999999999999,tree_05to09,no,keelenche,yes
3,12,0.36,tree_10to14,no,keelenche,yes
3,12,0.36,tree_10to14,no,keelenche,yes
3,13,0.4225,tree_10to14,no,keelenche,yes
3,15,0.5625,tree_15to19,no,keelenche,yes
3,15,0.5625,tree_15to19,no,keelenche,yes
3,8,0.16,tree_05to09,no,keelenche,yes
3,5,0.0625,tree_05to09,no,keelenche,yes
3,9,0.20249999999999999,tree_05to09,no,keelenche,yes
3,14,0.49,tree_10to14,no,keelenche,yes
3,5,0.0625,tree_05to09,no,keelenche,yes
3,16,0.64,tree_15to19,no,keelenche,yes
3,11,0.3025,tree_10to14,no,keelenche,yes
3,16,0.64,tree_15to19,no,keelenche,yes
3,8,0.16,tree_05to09,no,keelenche,yes
3,10,0.25,tree_10to14,no,keelenche,yes
3,13,0.4225,tree_10to14,no,keelenche,yes
3,10,0.25,tree_10to14,no,keelenche,yes
3,11,0.3025,tree_10to14,no,keelenche,yes
3,9,0.20249999999999999,tree_05to09,no,keelenche,yes
3,4,0.04,sapling,no,keelenche,yes
3,3,0.0225,sapling,no,keelenche,yes
3,3,0.0225,sapling,no,keelenche,yes
3,4,0.04,sapling,no,keelenche,yes
3,4,0.04,sapling,no,keelenche,yes
3,4,0.04,sapling,no,keelenche,yes
3,4,0.04,sapling,no,keelenche,yes
4,13,0.4225,tree_10to14,no,keelenche,yes
4,17,0.7224999999999999,tree_15to19,no,keelenche,yes
4,5,0.0625,tree_05to09,no,keelenche,yes
4,11,0.3025,tree_10to14,no,keelenche,yes
4,14,0.49,tree_10to14,no,keelenche,yes
4,14,0.49,tree_10to14,no,keelenche,yes
4,8,0.16,tree_05to09,no,keelenche,yes
4,8,0.16,tree_05to09,no,keelenche,yes
4,2,0.01,sapling,no,keelenche,yes
4,3,0.0225,sapling,no,keelenche,yes
4,15,0.5625,tree_15to19,no,keelenche,yes
4,8,0.16,tree_05to09,no,keelenche,yes
4,14,0.49,tree_10to14,no,keelenche,yes
4,16,0.64,tree_15to19,no,keelenche,yes
4,10,0.25,tree_10to14,no,keelenche,yes
4,15,0.5625,tree_15to19,no,keelenche,yes
4,9,0.20249999999999999,tree_05to09,no,keelenche,yes
4,20,1,tree_20plus,no,keelenche,yes
4,12,0.36,tree_10to14,no,keelenche,yes
4,10,0.25,tree_10to14,no,keelenche,yes
4,27,1.8224999999999998,tree_20plus,no,keelenche,yes
4,4,0.04,sapling,no,keelenche,yes
5,14,0.49,tree_10to14,yes,juuche,yes
5,12,0.36,tree_10to14,yes,juuche,yes
5,13,0.4225,tree_10to14,yes,juuche,yes
5,12,0.36,tree_10to14,yes,juuche,yes
5,9,0.20249999999999999,tree_05to09,yes,juuche,yes
5,12,0.36,tree_10to14,yes,juuche,yes
5,18,0.8099999999999999,tree_15to19,yes,juuche,yes
5,13,0.4225,tree_10to14,yes,juuche,yes
5,7,0.1225,tree_05to09,yes,juuche,yes
5,10,0.25,tree_10to14,yes,juuche,yes
5,5,0.0625,tree_05to09,yes,juuche,yes
5,15,0.5625,tree_15to19,yes,juuche,yes
5,5,0.0625,tree_05to09,yes,juuche,yes
5,12,0.36,tree_10to14,yes,juuche,yes
5,12,0.36,tree_10to14,yes,juuche,yes
5,14,0.49,tree_10to14,yes,juuche,yes
5,5,0.0625,tree_05to09,yes,juuche,yes
5,4,0.04,sapling,yes,juuche,yes
5,8,0.16,tree_05to09,yes,juuche,yes
5,15,0.5625,tree_15to19,yes,juuche,yes
5,6,0.09,tree_05to09,yes,juuche,yes
5,7,0.1225,tree_05to09,yes,juuche,yes
5,8,0.16,tree_05to09,yes,juuche,yes
5,9,0.20249999999999999,tree_05to09,yes,juuche,yes
5,14,0.49,tree_10to14,yes,juuche,yes
5,7,0.1225,tree_05to09,yes,juuche,yes
5,6,0.09,tree_05to09,yes,juuche,yes
5,4,0.04,sapling,yes,juuche,yes
5,4,0.04,sapling,yes,juuche,yes
5,4,0.04,sapling,yes,juuche,yes
6,15,0.5625,tree_15to19,no,juuche,yes
6,2,0.01,sapling,no,juuche,yes
6,12,0.36,tree_10to14,no,juuche,yes
6,2,0.01,sapling,no,juuche,yes
6,2,0.01,sapling,no,juuche,yes
6,2,0.01,sapling,no,juuche,yes
6,2,0.01,sapling,no,juuche,yes
6,3,0.0225,sapling,no,juuche,yes
6,2,0.01,sapling,no,juuche,yes
6,6,0.09,tree_05to09,no,juuche,yes
6,14,0.49,tree_10to14,no,juuche,yes
6,5,0.0625,tree_05to09,no,juuche,yes
6,12,0.36,tree_10to14,no,juuche,yes
6,11,0.3025,tree_10to14,no,juuche,yes
6,5,0.0625,tree_05to09,no,juuche,yes
6,6,0.09,tree_05to09,no,juuche,yes
6,7,0.1225,tree_05to09,no,juuche,yes
6,12,0.36,tree_10to14,no,juuche,yes
6,6,0.09,tree_05to09,no,juuche,yes
6,15,0.5625,tree_15to19,no,juuche,yes
6,14,0.49,tree_10to14,no,juuche,yes
6,4,0.04,sapling,no,juuche,yes
6,4,0.04,sapling,no,juuche,yes
6,14,0.49,tree_10to14,no,juuche,yes
6,10,0.25,tree_10to14,no,juuche,yes
6,17,0.7224999999999999,tree_15to19,no,juuche,yes
6,5,0.0625,tree_05to09,no,juuche,yes
6,5,0.0625,tree_05to09,no,juuche,yes
6,5,0.0625,tree_05to09,no,juuche,yes
6,8,0.16,tree_05to09,no,juuche,yes
6,13,0.4225,tree_10to14,no,juuche,yes
6,9,0.20249999999999999,tree_05to09,no,juuche,yes
6,13,0.4225,tree_10to14,no,juuche,yes
6,11,0.3025,tree_10to14,no,juuche,yes
6,11,0.3025,tree_10to14,no,juuche,yes
7,5,0.0625,tree_05to09,no,nukuuchche,no
7,11,0.3025,tree_10to14,no,nukuuchche,no
7,12,0.36,tree_10to14,no,nukuuchche,no
7,12,0.36,tree_10to14,no,nukuuchche,no
7,5,0.0625,tree_05to09,no,nukuuchche,no
7,6,0.09,tree_05to09,no,nukuuchche,no
7,8,0.16,tree_05to09,no,nukuuchche,no
7,11,0.3025,tree_10to14,no,nukuuchche,no
7,9,0.20249999999999999,tree_05to09,no,nukuuchche,no
7,8,0.16,tree_05to09,no,nukuuchche,no
7,9,0.20249999999999999,tree_05to09,no,nukuuchche,no
7,6,0.09,tree_05to09,no,nukuuchche,no
7,12,0.36,tree_10to14,no,nukuuchche,no
7,8,0.16,tree_05to09,no,nukuuchche,no
7,7,0.1225,tree_05to09,no,nukuuchche,no
7,12,0.36,tree_10to14,no,nukuuchche,no
7,7,0.1225,tree_05to09,no,nukuuchche,no
7,7,0.1225,tree_05to09,no,nukuuchche,no
7,4,0.04,sapling,no,nukuuchche,no
7,3,0.0225,sapling,no,nukuuchche,no
7,9,0.20249999999999999,tree_05to09,no,nukuuchche,no
7,3,0.0225,sapling,no,nukuuchche,no
7,2,0.01,sapling,no,nukuuchche,no
7,4,0.04,sapling,no,nukuuchche,no
7,5,0.0625,tree_05to09,no,nukuuchche,no
8,13,0.4225,tree_10to14,no,nukuuchche,no
8,2,0.01,sapling,no,nukuuchche,no
8,3,0.0225,sapling,no,nukuuchche,no
8,2,0.01,sapling,no,nukuuchche,no
8,1,0.0025,sapling,no,nukuuchche,no
8,2,0.01,sapling,no,nukuuchche,no
8,6,0.09,tree_05to09,no,nukuuchche,no
8,7,0.1225,tree_05to09,no,nukuuchche,no
8,15,0.5625,tree_15to19,no,nukuuchche,no
8,6,0.09,tree_05to09,no,nukuuchche,no
8,12,0.36,tree_10to14,no,nukuuchche,no
8,12,0.36,tree_10to14,no,nukuuchche,no
8,14,0.49,tree_10to14,no,nukuuchche,no
9,16,0.64,tree_15to19,yes,nukuuchche,no
9,6,0.09,tree_05to09,yes,nukuuchche,no
9,8,0.16,tree_05to09,yes,nukuuchche,no
9,13,0.4225,tree_10to14,yes,nukuuchche,no
9,4,0.04,sapling,yes,nukuuchche,no
9,5,0.0625,tree_05to09,yes,nukuuchche,no
9,6,0.09,tree_05to09,yes,nukuuchche,no
9,15,0.5625,tree_15to19,yes,nukuuchche,no
9,13,0.4225,tree_10to14,yes,nukuuchche,no
9,9,0.20249999999999999,tree_05to09,yes,nukuuchche,no
9,8,0.16,tree_05to09,yes,nukuuchche,no
9,8,0.16,tree_05to09,yes,nukuuchche,no
9,6,0.09,tree_05to09,yes,nukuuchche,no
9,9,0.20249999999999999,tree_05to09,yes,nukuuchche,no
9,16,0.64,tree_15to19,yes,nukuuchche,no
9,9,0.20249999999999999,tree_05to09,yes,nukuuchche,no
9,4,0.04,sapling,yes,nukuuchche,no
9,13,0.4225,tree_10to14,yes,nukuuchche,no
10,10,0.25,tree_10to14,yes,nukuuchche,no
10,11,0.3025,tree_10to14,yes,nukuuchche,no
10,11,0.3025,tree_10to14,yes,nukuuchche,no
10,5,0.0625,tree_05to09,yes,nukuuchche,no
10,8,0.16,tree_05to09,yes,nukuuchche,no
10,5,0.0625,tree_05to09,yes,nukuuchche,no
10,9,0.20249999999999999,tree_05to09,yes,nukuuchche,no
10,12,0.36,tree_10to14,yes,nukuuchche,no
10,8,0.16,tree_05to09,yes,nukuuchche,no
10,5,0.0625,tree_05to09,yes,nukuuchche,no
10,2,0.01,sapling,yes,nukuuchche,no
10,1,0.0025,sapling,yes,nukuuchche,no
10,2,0.01,sapling,yes,nukuuchche,no
10,2,0.01,sapling,yes,nukuuchche,no
10,2,0.01,sapling,yes,nukuuchche,no
10,7,0.1225,tree_05to09,yes,nukuuchche,no
10,13,0.4225,tree_10to14,yes,nukuuchche,no
10,19,0.9024999999999999,tree_15to19,yes,nukuuchche,no
10,5,0.0625,tree_05to09,yes,nukuuchche,no
10,11,0.3025,tree_10to14,yes,nukuuchche,no
10,21,1.1024999999999998,tree_20plus,yes,nukuuchche,no
11,3,0.0225,sapling,yes,nukuuchche,no
11,5,0.0625,tree_05to09,yes,nukuuchche,no
11,4,0.04,sapling,yes,nukuuchche,no
11,6,0.09,tree_05to09,yes,nukuuchche,no
11,10,0.25,tree_10to14,yes,nukuuchche,no
11,11,0.3025,tree_10to14,yes,nukuuchche,no
11,10,0.25,tree_10to14,yes,nukuuchche,no
11,10,0.25,tree_10to14,yes,nukuuchche,no
11,13,0.4225,tree_10to14,yes,nukuuchche,no
11,8,0.16,tree_05to09,yes,nukuuchche,no
11,16,0.64,tree_15to19,yes,nukuuchche,no
11,3,0.0225,sapling,yes,nukuuchche,no
11,10,0.25,tree_10to14,yes,nukuuchche,no
11,12,0.36,tree_10to14,yes,nukuuchche,no
11,7,0.1225,tree_05to09,yes,nukuuchche,no
11,3,0.0225,sapling,yes,nukuuchche,no
11,5,0.0625,tree_05to09,yes,nukuuchche,no
11,1,0.0025,sapling,yes,nukuuchche,no
11,1,0.0025,sapling,yes,nukuuchche,no
11,1,0.0025,sapling,yes,nukuuchche,no
12,1,0.0025,sapling,no,nukuuchche,no
12,11,0.3025,tree_10to14,no,nukuuchche,no
12,13,0.4225,tree_10to14,no,nukuuchche,no
12,11,0.3025,tree_10to14,no,nukuuchche,no
12,0.5,6.25e-4,sapling,no,nukuuchche,no
12,1,0.0025,sapling,no,nukuuchche,no
12,1,0.0025,sapling,no,nukuuchche,no
12,2,0.01,sapling,no,nukuuchche,no
12,14,0.49,tree_10to14,no,nukuuchche,no
12,7,0.1225,tree_05to09,no,nukuuchche,no
12,8,0.16,tree_05to09,no,nukuuchche,no
12,1,0.0025,sapling,no,nukuuchche,no
12,10,0.25,tree_10to14,no,nukuuchche,no
12,7,0.1225,tree_05to09,no,nukuuchche,no
12,1,0.0025,sapling,no,nukuuchche,no
12,1,0.0025,sapling,no,nukuuchche,no
12,3,0.0225,sapling,no,nukuuchche,no
12,11,0.3025,tree_10to14,no,nukuuchche,no
12,5,0.0625,tree_05to09,no,nukuuchche,no
12,15,0.5625,tree_15to19,no,nukuuchche,no
12,1,0.0025,sapling,no,nukuuchche,no
12,1,0.0025,sapling,no,nukuuchche,no
13,2,0.01,sapling,yes,nukuuchche,no
13,1,0.0025,sapling,yes,nukuuchche,no
13,4,0.04,sapling,yes,nukuuchche,no
13,2,0.01,sapling,yes,nukuuchche,no
13,8,0.16,tree_05to09,yes,nukuuchche,no
13,2,0.01,sapling,yes,nukuuchche,no
13,8,0.16,tree_05to09,yes,nukuuchche,no
13,5,0.0625,tree_05to09,yes,nukuuchche,no
13,12,0.36,tree_10to14,yes,nukuuchche,no
13,6,0.09,tree_05to09,yes,nukuuchche,no
13,4,0.04,sapling,yes,nukuuchche,no
13,3,0.0225,sapling,yes,nukuuchche,no
13,3,0.0225,sapling,yes,nukuuchche,no
13,9,0.20249999999999999,tree_05to09,yes,nukuuchche,no
13,12,0.36,tree_10to14,yes,nukuuchche,no
13,4,0.04,sapling,yes,nukuuchche,no
13,15,0.5625,tree_15to19,yes,nukuuchche,no
13,3,0.0225,sapling,yes,nukuuchche,no
13,4,0.04,sapling,yes,nukuuchche,no
13,9,0.20249999999999999,tree_05to09,yes,nukuuchche,no
13,8,0.16,tree_05to09,yes,nukuuchche,no
13,12,0.36,tree_10to14,yes,nukuuchche,no
13,9,0.20249999999999999,tree_05to09,yes,nukuuchche,no
13,6,0.09,tree_05to09,yes,nukuuchche,no
13,8,0.16,tree_05to09,yes,nukuuchche,no
13,9,0.20249999999999999,tree_05to09,yes,nukuuchche,no
13,13,0.4225,tree_10to14,yes,nukuuchche,no
13,4,0.04,sapling,yes,nukuuchche,no
13,4,0.04,sapling,yes,nukuuchche,no
13,1,0.0025,sapling,yes,nukuuchche,no
13,6,0.09,tree_05to09,yes,nukuuchche,no
13,9,0.20249999999999999,tree_05to09,yes,nukuuchche,no
13,1,0.0025,sapling,yes,nukuuchche,no
13,7,0.1225,tree_05to09,yes,nukuuchche,no
14,1,0.0025,sapling,no,nukuuchche,no
14,12,0.36,tree_10to14,no,nukuuchche,no
14,6,0.09,tree_05to09,no,nukuuchche,no
14,6,0.09,tree_05to09,no,nukuuchche,no
14,1,0.0025,sapling,no,nukuuchche,no
14,1,0.0025,sapling,no,nukuuchche,no
14,20,1,tree_20plus,no,nukuuchche,no
14,7,0.1225,tree_05to09,no,nukuuchche,no
14,12,0.36,tree_10to14,no,nukuuchche,no
14,5,0.0625,tree_05to09,no,nukuuchche,no
14,2,0.01,sapling,no,nukuuchche,no
14,11,0.3025,tree_10to14,no,nukuuchche,no
14,5,0.0625,tree_05to09,no,nukuuchche,no
14,9,0.20249999999999999,tree_05to09,no,nukuuchche,no
14,13,0.4225,tree_10to14,no,nukuuchche,no
14,0.5,6.25e-4,sapling,no,nukuuchche,no
14,10,0.25,tree_10to14,no,nukuuchche,no
14,9,0.20249999999999999,tree_05to09,no,nukuuchche,no
14,13,0.4225,tree_10to14,no,nukuuchche,no
14,17,0.7224999999999999,tree_15to19,no,nukuuchche,no
14,8,0.16,tree_05to09,no,nukuuchche,no
14,14,0.49,tree_10to14,no,nukuuchche,no
15,2,0.01,sapling,yes,juuche,yes
15,4,0.04,sapling,yes,juuche,yes
15,9,0.20249999999999999,tree_05to09,yes,juuche,yes
15,8,0.16,tree_05to09,yes,juuche,yes
15,11,0.3025,tree_10to14,yes,juuche,yes
15,14,0.49,tree_10to14,yes,juuche,yes
15,14,0.49,tree_10to14,yes,juuche,yes
15,8,0.16,tree_05to09,yes,juuche,yes
15,15,0.5625,tree_15to19,yes,juuche,yes
15,5,0.0625,tree_05to09,yes,juuche,yes
15,7,0.1225,tree_05to09,yes,juuche,yes
15,1,0.0025,sapling,yes,juuche,yes
15,3,0.0225,sapling,yes,juuche,yes
15,8,0.16,tree_05to09,yes,juuche,yes
15,8,0.16,tree_05to09,yes,juuche,yes
15,3,0.0225,sapling,yes,juuche,yes
15,3,0.0225,sapling,yes,juuche,yes
15,14,0.49,tree_10to14,yes,juuche,yes
15,14,0.49,tree_10to14,yes,juuche,yes
15,11,0.3025,tree_10to14,yes,juuche,yes
15,10,0.25,tree_10to14,yes,juuche,yes
15,1,0.0025,sapling,yes,juuche,yes
15,11,0.3025,tree_10to14,yes,juuche,yes
15,2,0.01,sapling,yes,juuche,yes
15,2,0.01,sapling,yes,juuche,yes
15,1,0.0025,sapling,yes,juuche,yes
15,7,0.1225,tree_05to09,yes,juuche,yes
15,13,0.4225,tree_10to14,yes,juuche,yes
15,10,0.25,tree_10to14,yes,juuche,yes
15,8,0.16,tree_05to09,yes,juuche,yes
15,8,0.16,tree_05to09,yes,juuche,yes
16,6,0.09,tree_05to09,yes,juuche,yes
16,7,0.1225,tree_05to09,yes,juuche,yes
16,9,0.20249999999999999,tree_05to09,yes,juuche,yes
16,1,0.0025,sapling,yes,juuche,yes
16,1,0.0025,sapling,yes,juuche,yes
16,22,1.21,tree_20plus,yes,juuche,yes
16,7,0.1225,tree_05to09,yes,juuche,yes
16,3,0.0225,sapling,yes,juuche,yes
16,2,0.01,sapling,yes,juuche,yes
16,2,0.01,sapling,yes,juuche,yes
16,9,0.20249999999999999,tree_05to09,yes,juuche,yes
16,9,0.20249999999999999,tree_05to09,yes,juuche,yes
16,7,0.1225,tree_05to09,yes,juuche,yes
16,15,0.5625,tree_15to19,yes,juuche,yes
16,5,0.0625,tree_05to09,yes,juuche,yes
16,15,0.5625,tree_15to19,yes,juuche,yes
16,18,0.8099999999999999,tree_15to19,yes,juuche,yes
16,3,0.0225,sapling,yes,juuche,yes
16,11,0.3025,tree_10to14,yes,juuche,yes
16,2,0.01,sapling,yes,juuche,yes
16,1,0.0025,sapling,yes,juuche,yes
16,2,0.01,sapling,yes,juuche,yes
16,2,0.01,sapling,yes,juuche,yes
16,9,0.20249999999999999,tree_05to09,yes,juuche,yes
16,2,0.01,sapling,yes,juuche,yes
16,2,0.01,sapling,yes,juuche,yes
16,2,0.01,sapling,yes,juuche,yes
16,1,0.0025,sapling,yes,juuche,yes
16,1,0.0025,sapling,yes,juuche,yes
16,1,0.0025,sapling,yes,juuche,yes
16,4,0.04,sapling,yes,juuche,yes
16,13,0.4225,tree_10to14,yes,juuche,yes
16,15,0.5625,tree_15to19,yes,juuche,yes
16,9,0.20249999999999999,tree_05to09,yes,juuche,yes
17,8,0.16,tree_05to09,no,juuche,yes
17,16,0.64,tree_15to19,no,juuche,yes
17,11,0.3025,tree_10to14,no,juuche,yes
17,16,0.64,tree_15to19,no,juuche,yes
17,3,0.0225,sapling,no,juuche,yes
17,16,0.64,tree_15to19,no,juuche,yes
17,10,0.25,tree_10to14,no,juuche,yes
17,2,0.01,sapling,no,juuche,yes
17,11,0.3025,tree_10to14,no,juuche,yes
17,13,0.4225,tree_10to14,no,juuche,yes
17,6,0.09,tree_05to09,no,juuche,yes
17,5,0.0625,tree_05to09,no,juuche,yes
17,4,0.04,sapling,no,juuche,yes
17,11,0.3025,tree_10to14,no,juuche,yes
17,6,0.09,tree_05to09,no,juuche,yes
17,14,0.49,tree_10to14,no,juuche,yes
17,19,0.9024999999999999,tree_15to19,no,juuche,yes
17,8,0.16,tree_05to09,no,juuche,yes
17,2,0.01,sapling,no,juuche,yes
17,8,0.16,tree_05to09,no,juuche,yes
17,13,0.4225,tree_10to14,no,juuche,yes
17,13,0.4225,tree_10to14,no,juuche,yes
17,3,0.0225,sapling,no,juuche,yes
17,1,0.0025,sapling,no,juuche,yes
17,11,0.3025,tree_10to14,no,juuche,yes
18,4,0.04,sapling,no,juuche,yes
18,7,0.1225,tree_05to09,no,juuche,yes
18,5,0.0625,tree_05to09,no,juuche,yes
18,5,0.0625,tree_05to09,no,juuche,yes
18,5,0.0625,tree_05to09,no,juuche,yes
18,5,0.0625,tree_05to09,no,juuche,yes
18,1,0.0025,sapling,no,juuche,yes
18,6,0.09,tree_05to09,no,juuche,yes
18,7,0.1225,tree_05to09,no,juuche,yes
18,11,0.3025,tree_10to14,no,juuche,yes
18,7,0.1225,tree_05to09,no,juuche,yes
18,7,0.1225,tree_05to09,no,juuche,yes
18,6,0.09,tree_05to09,no,juuche,yes
18,1,0.0025,sapling,no,juuche,yes
18,6,0.09,tree_05to09,no,juuche,yes
18,6,0.09,tree_05to09,no,juuche,yes
18,3,0.0225,sapling,no,juuche,yes
18,7,0.1225,tree_05to09,no,juuche,yes
18,6,0.09,tree_05to09,no,juuche,yes
18,10,0.25,tree_10to14,no,juuche,yes
18,3,0.0225,sapling,no,juuche,yes
18,11,0.3025,tree_10to14,no,juuche,yes
18,15,0.5625,tree_15to19,no,juuche,yes
18,13,0.4225,tree_10to14,no,juuche,yes
18,13,0.4225,tree_10to14,no,juuche,yes
18,5,0.0625,tree_05to09,no,juuche,yes
18,5,0.0625,tree_05to09,no,juuche,yes
18,7,0.1225,tree_05to09,no,juuche,yes
18,3,0.0225,sapling,no,juuche,yes
18,3,0.0225,sapling,no,juuche,yes
18,6,0.09,tree_05to09,no,juuche,yes
18,3,0.0225,sapling,no,juuche,yes
18,3,0.0225,sapling,no,juuche,yes
18,6,0.09,tree_05to09,no,juuche,yes
18,8,0.16,tree_05to09,no,juuche,yes
18,10,0.25,tree_10to14,no,juuche,yes
18,6,0.09,tree_05to09,no,juuche,yes
18,8,0.16,tree_05to09,no,juuche,yes
18,9,0.20249999999999999,tree_05to09,no,juuche,yes
18,3,0.0225,sapling,no,juuche,yes
18,3,0.0225,sapling,no,juuche,yes
18,4,0.04,sapling,no,juuche,yes
18,9,0.20249999999999999,tree_05to09,no,juuche,yes
18,5,0.0625,tree_05to09,no,juuche,yes
18,5,0.0625,tree_05to09,no,juuche,yes
18,4,0.04,sapling,no,juuche,yes
18,2,0.01,sapling,no,juuche,yes
18,3,0.0225,sapling,no,juuche,yes
18,2,0.01,sapling,no,juuche,yes
18,1,0.0025,sapling,no,juuche,yes
18,12,0.36,tree_10to14,no,juuche,yes
19,5,0.0625,tree_05to09,no,juuche,yes
19,9,0.20249999999999999,tree_05to09,no,juuche,yes
19,6,0.09,tree_05to09,no,juuche,yes
19,9,0.20249999999999999,tree_05to09,no,juuche,yes
19,4,0.04,sapling,no,juuche,yes
19,1,0.0025,sapling,no,juuche,yes
19,1,0.0025,sapling,no,juuche,yes
19,6,0.09,tree_05to09,no,juuche,yes
19,4,0.04,sapling,no,juuche,yes
19,3,0.0225,sapling,no,juuche,yes
19,8,0.16,tree_05to09,no,juuche,yes
19,3,0.0225,sapling,no,juuche,yes
19,9,0.20249999999999999,tree_05to09,no,juuche,yes
19,6,0.09,tree_05to09,no,juuche,yes
19,6,0.09,tree_05to09,no,juuche,yes
19,9,0.20249999999999999,tree_05to09,no,juuche,yes
19,3,0.0225,sapling,no,juuche,yes
19,4,0.04,sapling,no,juuche,yes
19,1,0.0025,sapling,no,juuche,yes
19,2,0.01,sapling,no,juuche,yes
19,1,0.0025,sapling,no,juuche,yes
19,7,0.1225,tree_05to09,no,juuche,yes
19,3,0.0225,sapling,no,juuche,yes
19,5,0.0625,tree_05to09,no,juuche,yes
19,9,0.20249999999999999,tree_05to09,no,juuche,yes
19,7,0.1225,tree_05to09,no,juuche,yes
19,1,0.0025,sapling,no,juuche,yes
19,9,0.20249999999999999,tree_05to09,no,juuche,yes
19,3,0.0225,sapling,no,juuche,yes
19,6,0.09,tree_05to09,no,juuche,yes
19,9,0.20249999999999999,tree_05to09,no,juuche,yes
19,2,0.01,sapling,no,juuche,yes
19,5,0.0625,tree_05to09,no,juuche,yes
19,6,0.09,tree_05to09,no,juuche,yes
19,7,0.1225,tree_05to09,no,juuche,yes
19,1,0.0025,sapling,no,juuche,yes
19,2,0.01,sapling,no,juuche,yes
19,8,0.16,tree_05to09,no,juuche,yes
19,1,0.0025,sapling,no,juuche,yes
19,6,0.09,tree_05to09,no,juuche,yes
19,4,0.04,sapling,no,juuche,yes
19,7,0.1225,tree_05to09,no,juuche,yes
19,6,0.09,tree_05to09,no,juuche,yes
19,7,0.1225,tree_05to09,no,juuche,yes
19,5,0.0625,tree_05to09,no,juuche,yes
19,5,0.0625,tree_05to09,no,juuche,yes
19,5,0.0625,tree_05to09,no,juuche,yes
19,4,0.04,sapling,no,juuche,yes
19,3,0.0225,sapling,no,juuche,yes
19,2,0.01,sapling,no,juuche,yes
19,5,0.0625,tree_05to09,no,juuche,yes
19,3,0.0225,sapling,no,juuche,yes
19,6,0.09,tree_05to09,no,juuche,yes
19,1,0.0025,sapling,no,juuche,yes
19,1,0.0025,sapling,no,juuche,yes
19,1,0.0025,sapling,no,juuche,yes
19,3,0.0225,sapling,no,juuche,yes
19,2,0.01,sapling,no,juuche,yes
19,2,0.01,sapling,no,juuche,yes
19,1,0.0025,sapling,no,juuche,yes
19,3,0.0225,sapling,no,juuche,yes
19,3,0.0225,sapling,no,juuche,yes
19,1,0.0025,sapling,no,juuche,yes
19,3,0.0225,sapling,no,juuche,yes
19,5,0.0625,tree_05to09,no,juuche,yes
19,1,0.0025,sapling,no,juuche,yes
19,5,0.0625,tree_05to09,no,juuche,yes
19,7,0.1225,tree_05to09,no,juuche,yes
19,5,0.0625,tree_05to09,no,juuche,yes
19,8,0.16,tree_05to09,no,juuche,yes
19,6,0.09,tree_05to09,no,juuche,yes
19,3,0.0225,sapling,no,juuche,yes
19,1,0.0025,sapling,no,juuche,yes
19,1,0.0025,sapling,no,juuche,yes
19,1,0.0025,sapling,no,juuche,yes
19,3,0.0225,sapling,no,juuche,yes
19,7,0.1225,tree_05to09,no,juuche,yes
19,2,0.01,sapling,no,juuche,yes
19,4,0.04,sapling,no,juuche,yes
19,1,0.0025,sapling,no,juuche,yes
19,1,0.0025,sapling,no,juuche,yes
19,1,0.0025,sapling,no,juuche,yes
19,1,0.0025,sapling,no,juuche,yes
19,3,0.0225,sapling,no,juuche,yes
19,11,0.3025,tree_10to14,no,juuche,yes
19,6,0.09,tree_05to09,no,juuche,yes
19,12,0.36,tree_10to14,no,juuche,yes
19,11,0.3025,tree_10to14,no,juuche,yes
19,6,0.09,tree_05to09,no,juuche,yes
19,4,0.04,sapling,no,juuche,yes
19,5,0.0625,tree_05to09,no,juuche,yes
19,4,0.04,sapling,no,juuche,yes
19,4,0.04,sapling,no,juuche,yes
19,2,0.01,sapling,no,juuche,yes
19,2,0.01,sapling,no,juuche,yes
19,1,0.0025,sapling,no,juuche,yes
19,7,0.1225,tree_05to09,no,juuche,yes
19,8,0.16,tree_05to09,no,juuche,yes
19,4,0.04,sapling,no,juuche,yes
19,1,0.0025,sapling,no,juuche,yes
19,9,0.20249999999999999,tree_05to09,no,juuche,yes
19,12,0.36,tree_10to14,no,juuche,yes
19,7,0.1225,tree_05to09,no,juuche,yes
19,13,0.4225,tree_10to14,no,juuche,yes
19,5,0.0625,tree_05to09,no,juuche,yes
19,2,0.01,sapling,no,juuche,yes
19,1,0.0025,sapling,no,juuche,yes
19,8,0.16,tree_05to09,no,juuche,yes
19,7,0.1225,tree_05to09,no,juuche,yes
19,3,0.0225,sapling,no,juuche,yes
19,6,0.09,tree_05to09,no,juuche,yes
19,12,0.36,tree_10to14,no,juuche,yes
19,2,0.01,sapling,no,juuche,yes
19,7,0.1225,tree_05to09,no,juuche,yes
19,9,0.20249999999999999,tree_05to09,no,juuche,yes
19,8,0.16,tree_05to09,no,juuche,yes
19,3,0.0225,sapling,no,juuche,yes
19,3,0.0225,sapling,no,juuche,yes
19,4,0.04,sapling,no,juuche,yes
19,1,0.0025,sapling,no,juuche,yes
19,4,0.04,sapling,no,juuche,yes
19,7,0.1225,tree_05to09,no,juuche,yes
19,3,0.0225,sapling,no,juuche,yes
19,1,0.0025,sapling,no,juuche,yes
19,5,0.0625,tree_05to09,no,juuche,yes
19,4,0.04,sapling,no,juuche,yes
19,4,0.04,sapling,no,juuche,yes
19,3,0.0225,sapling,no,juuche,yes
19,6,0.09,tree_05to09,no,juuche,yes
19,4,0.04,sapling,no,juuche,yes
19,5,0.0625,tree_05to09,no,juuche,yes
19,8,0.16,tree_05to09,no,juuche,yes
19,4,0.04,sapling,no,juuche,yes
19,6,0.09,tree_05to09,no,juuche,yes
19,4,0.04,sapling,no,juuche,yes
19,4,0.04,sapling,no,juuche,yes
19,8,0.16,tree_05to09,no,juuche,yes
19,3,0.0225,sapling,no,juuche,yes
19,6,0.09,tree_05to09,no,juuche,yes
19,6,0.09,tree_05to09,no,juuche,yes
19,2,0.01,sapling,no,juuche,yes
19,2,0.01,sapling,no,juuche,yes
19,6,0.09,tree_05to09,no,juuche,yes
19,5,0.0625,tree_05to09,no,juuche,yes
19,4,0.04,sapling,no,juuche,yes
19,1,0.0025,sapling,no,juuche,yes
19,1,0.0025,sapling,no,juuche,yes
19,1,0.0025,sapling,no,juuche,yes
19,5,0.0625,tree_05to09,no,juuche,yes
19,5,0.0625,tree_05to09,no,juuche,yes
19,4,0.04,sapling,no,juuche,yes
19,12,0.36,tree_10to14,no,juuche,yes
19,11,0.3025,tree_10to14,no,juuche,yes
19,2,0.01,sapling,no,juuche,yes
19,2,0.01,sapling,no,juuche,yes
19,8,0.16,tree_05to09,no,juuche,yes
19,3,0.0225,sapling,no,juuche,yes
19,2,0.01,sapling,no,juuche,yes
19,6,0.09,tree_05to09,no,juuche,yes
19,7,0.1225,tree_05to09,no,juuche,yes
19,8,0.16,tree_05to09,no,juuche,yes
19,4,0.04,sapling,no,juuche,yes
19,4,0.04,sapling,no,juuche,yes
19,12,0.36,tree_10to14,no,juuche,yes
19,4,0.04,sapling,no,juuche,yes
19,1,0.0025,sapling,no,juuche,yes
19,3,0.0225,sapling,no,juuche,yes
19,3,0.0225,sapling,no,juuche,yes
19,4,0.04,sapling,no,juuche,yes
19,3,0.0225,sapling,no,juuche,yes
19,7,0.1225,tree_05to09,no,juuche,yes
19,6,0.09,tree_05to09,no,juuche,yes
19,2,0.01,sapling,no,juuche,yes
20,6,0.09,tree_05to09,no,nukuuchche,yes
20,4,0.04,sapling,no,nukuuchche,yes
20,18,0.8099999999999999,tree_15to19,no,nukuuchche,yes
20,12,0.36,tree_10to14,no,nukuuchche,yes
20,11,0.3025,tree_10to14,no,nukuuchche,yes
20,13,0.4225,tree_10to14,no,nukuuchche,yes
20,6,0.09,tree_05to09,no,nukuuchche,yes
20,12,0.36,tree_10to14,no,nukuuchche,yes
20,13,0.4225,tree_10to14,no,nukuuchche,yes
20,18,0.8099999999999999,tree_15to19,no,nukuuchche,yes
20,20,1,tree_20plus,no,nukuuchche,yes
20,5,0.0625,tree_05to09,no,nukuuchche,yes
20,4,0.04,sapling,no,nukuuchche,yes
20,7,0.1225,tree_05to09,no,nukuuchche,yes
20,5,0.0625,tree_05to09,no,nukuuchche,yes
20,12,0.36,tree_10to14,no,nukuuchche,yes
20,10,0.25,tree_10to14,no,nukuuchche,yes
20,16,0.64,tree_15to19,no,nukuuchche,yes
21,7,0.1225,tree_05to09,yes,nukuuchche,yes
21,7,0.1225,tree_05to09,yes,nukuuchche,yes
21,21,1.1024999999999998,tree_20plus,yes,nukuuchche,yes
21,17,0.7224999999999999,tree_15to19,yes,nukuuchche,yes
21,11,0.3025,tree_10to14,yes,nukuuchche,yes
21,12,0.36,tree_10to14,yes,nukuuchche,yes
21,9,0.20249999999999999,tree_05to09,yes,nukuuchche,yes
21,13,0.4225,tree_10to14,yes,nukuuchche,yes
21,20,1,tree_20plus,yes,nukuuchche,yes
21,18,0.8099999999999999,tree_15to19,yes,nukuuchche,yes
21,6,0.09,tree_05to09,yes,nukuuchche,yes
21,14,0.49,tree_10to14,yes,nukuuchche,yes
21,5,0.0625,tree_05to09,yes,nukuuchche,yes
21,21,1.1024999999999998,tree_20plus,yes,nukuuchche,yes
21,9,0.20249999999999999,tree_05to09,yes,nukuuchche,yes
21,9,0.20249999999999999,tree_05to09,yes,nukuuchche,yes
21,9,0.20249999999999999,tree_05to09,yes,nukuuchche,yes
21,16,0.64,tree_15to19,yes,nukuuchche,yes
21,11,0.3025,tree_10to14,yes,nukuuchche,yes
21,15,0.5625,tree_15to19,yes,nukuuchche,yes
21,8,0.16,tree_05to09,yes,nukuuchche,yes
21,9,0.20249999999999999,tree_05to09,yes,nukuuchche,yes
21,9,0.20249999999999999,tree_05to09,yes,nukuuchche,yes
21,2,0.01,sapling,yes,nukuuchche,yes
21,2,0.01,sapling,yes,nukuuchche,yes
21,1,0.0025,sapling,yes,nukuuchche,yes
21,1,0.0025,sapling,yes,nukuuchche,yes
21,3,0.0225,sapling,yes,nukuuchche,yes
21,10,0.25,tree_10to14,yes,nukuuchche,yes
21,14,0.49,tree_10to14,yes,nukuuchche,yes
22,6,0.09,tree_05to09,no,nukuuchche,yes
22,14,0.49,tree_10to14,no,nukuuchche,yes
22,13,0.4225,tree_10to14,no,nukuuchche,yes
22,16,0.64,tree_15to19,no,nukuuchche,yes
22,8,0.16,tree_05to09,no,nukuuchche,yes
22,5,0.0625,tree_05to09,no,nukuuchche,yes
22,5,0.0625,tree_05to09,no,nukuuchche,yes
22,16,0.64,tree_15to19,no,nukuuchche,yes
22,10,0.25,tree_10to14,no,nukuuchche,yes
22,8,0.16,tree_05to09,no,nukuuchche,yes
22,10,0.25,tree_10to14,no,nukuuchche,yes
22,20,1,tree_20plus,no,nukuuchche,yes
22,14,0.49,tree_10to14,no,nukuuchche,yes
22,18,0.8099999999999999,tree_15to19,no,nukuuchche,yes
22,16,0.64,tree_15to19,no,nukuuchche,yes
22,16,0.64,tree_15to19,no,nukuuchche,yes
22,15,0.5625,tree_15to19,no,nukuuchche,yes
22,6,0.09,tree_05to09,no,nukuuchche,yes
22,9,0.20249999999999999,tree_05to09,no,nukuuchche,yes
22,24,1.44,tree_20plus,no,nukuuchche,yes
22,5,0.0625,tree_05to09,no,nukuuchche,yes
22,5,0.0625,tree_05to09,no,nukuuchche,yes
22,8,0.16,tree_05to09,no,nukuuchche,yes
22,6,0.09,tree_05to09,no,nukuuchche,yes
22,7,0.1225,tree_05to09,no,nukuuchche,yes
22,12,0.36,tree_10to14,no,nukuuchche,yes
22,6,0.09,tree_05to09,no,nukuuchche,yes
22,15,0.5625,tree_15to19,no,nukuuchche,yes
22,6,0.09,tree_05to09,no,nukuuchche,yes
22,5,0.0625,tree_05to09,no,nukuuchche,yes
22,4,0.04,sapling,no,nukuuchche,yes
22,17,0.7224999999999999,tree_15to19,no,nukuuchche,yes
22,18,0.8099999999999999,tree_15to19,no,nukuuchche,yes
22,14,0.49,tree_10to14,no,nukuuchche,yes
22,17,0.7224999999999999,tree_15to19,no,nukuuchche,yes
22,11,0.3025,tree_10to14,no,nukuuchche,yes
22,9,0.20249999999999999,tree_05to09,no,nukuuchche,yes
23,9,0.20249999999999999,tree_05to09,yes,nukuuchche,yes
23,19,0.9024999999999999,tree_15to19,yes,nukuuchche,yes
23,21,1.1024999999999998,tree_20plus,yes,nukuuchche,yes
23,15,0.5625,tree_15to19,yes,nukuuchche,yes
23,1,0.0025,sapling,yes,nukuuchche,yes
23,5,0.0625,tree_05to09,yes,nukuuchche,yes
23,5,0.0625,tree_05to09,yes,nukuuchche,yes
23,7,0.1225,tree_05to09,yes,nukuuchche,yes
23,4,0.04,sapling,yes,nukuuchche,yes
23,11,0.3025,tree_10to14,yes,nukuuchche,yes
23,12,0.36,tree_10to14,yes,nukuuchche,yes
23,7,0.1225,tree_05to09,yes,nukuuchche,yes
23,6,0.09,tree_05to09,yes,nukuuchche,yes
23,16,0.64,tree_15to19,yes,nukuuchche,yes
23,17,0.7224999999999999,tree_15to19,yes,nukuuchche,yes
23,8,0.16,tree_05to09,yes,nukuuchche,yes
23,13,0.4225,tree_10to14,yes,nukuuchche,yes
23,13,0.4225,tree_10to14,yes,nukuuchche,yes
23,7,0.1225,tree_05to09,yes,nukuuchche,yes
23,4,0.04,sapling,yes,nukuuchche,yes
23,9,0.20249999999999999,tree_05to09,yes,nukuuchche,yes
23,16,0.64,tree_15to19,yes,nukuuchche,yes
23,3,0.0225,sapling,yes,nukuuchche,yes
23,13,0.4225,tree_10to14,yes,nukuuchche,yes
23,7,0.1225,tree_05to09,yes,nukuuchche,yes
23,18,0.8099999999999999,tree_15to19,yes,nukuuchche,yes
23,14,0.49,tree_10to14,yes,nukuuchche,yes
23,12,0.36,tree_10to14,yes,nukuuchche,yes
23,2,0.01,sapling,yes,nukuuchche,yes
24,14,0.49,tree_10to14,yes,keelenche,yes
24,14,0.49,tree_10to14,yes,keelenche,yes
24,10,0.25,tree_10to14,yes,keelenche,yes
24,16,0.64,tree_15to19,yes,keelenche,yes
24,18,0.8099999999999999,tree_15to19,yes,keelenche,yes
24,14,0.49,tree_10to14,yes,keelenche,yes
24,10,0.25,tree_10to14,yes,keelenche,yes
24,15,0.5625,tree_15to19,yes,keelenche,yes
24,12,0.36,tree_10to14,yes,keelenche,yes
24,11,0.3025,tree_10to14,yes,keelenche,yes
24,7,0.1225,tree_05to09,yes,keelenche,yes
24,17,0.7224999999999999,tree_15to19,yes,keelenche,yes
24,7,0.1225,tree_05to09,yes,keelenche,yes
24,12,0.36,tree_10to14,yes,keelenche,yes
24,4,0.04,sapling,yes,keelenche,yes
24,6,0.09,tree_05to09,yes,keelenche,yes
24,11,0.3025,tree_10to14,yes,keelenche,yes
24,13,0.4225,tree_10to14,yes,keelenche,yes
24,5,0.0625,tree_05to09,yes,keelenche,yes
24,6,0.09,tree_05to09,yes,keelenche,yes
24,15,0.5625,tree_15to19,yes,keelenche,yes
24,5,0.0625,tree_05to09,yes,keelenche,yes
24,3,0.0225,sapling,yes,keelenche,yes
24,2,0.01,sapling,yes,keelenche,yes
24,1,0.0025,sapling,yes,keelenche,yes
24,4,0.04,sapling,yes,keelenche,yes
24,9,0.20249999999999999,tree_05to09,yes,keelenche,yes
24,5,0.0625,tree_05to09,yes,keelenche,yes
24,5,0.0625,tree_05to09,yes,keelenche,yes
24,4,0.04,sapling,yes,keelenche,yes
24,1,0.0025,sapling,yes,keelenche,yes
24,15,0.5625,tree_15to19,yes,keelenche,yes
24,2,0.01,sapling,yes,keelenche,yes
24,15,0.5625,tree_15to19,yes,keelenche,yes
24,7,0.1225,tree_05to09,yes,keelenche,yes
24,10,0.25,tree_10to14,yes,keelenche,yes
24,1,0.0025,sapling,yes,keelenche,yes
24,1,0.0025,sapling,yes,keelenche,yes
24,1,0.0025,sapling,yes,keelenche,yes
24,1,0.0025,sapling,yes,keelenche,yes
24,2,0.01,sapling,yes,keelenche,yes
24,2,0.01,sapling,yes,keelenche,yes
24,2,0.01,sapling,yes,keelenche,yes
24,3,0.0225,sapling,yes,keelenche,yes
24,10,0.25,tree_10to14,yes,keelenche,yes
24,8,0.16,tree_05to09,yes,keelenche,yes
24,7,0.1225,tree_05to09,yes,keelenche,yes
24,7,0.1225,tree_05to09,yes,keelenche,yes
24,15,0.5625,tree_15to19,yes,keelenche,yes
24,18,0.8099999999999999,tree_15to19,yes,keelenche,yes
24,9,0.20249999999999999,tree_05to09,yes,keelenche,yes
24,3,0.0225,sapling,yes,keelenche,yes
24,2,0.01,sapling,yes,keelenche,yes
24,14,0.49,tree_10to14,yes,keelenche,yes
24,15,0.5625,tree_15to19,yes,keelenche,yes
24,8,0.16,tree_05to09,yes,keelenche,yes
24,9,0.20249999999999999,tree_05to09,yes,keelenche,yes
24,8,0.16,tree_05to09,yes,keelenche,yes
24,4,0.04,sapling,yes,keelenche,yes
24,8,0.16,tree_05to09,yes,keelenche,yes
24,4,0.04,sapling,yes,keelenche,yes
24,4,0.04,sapling,yes,keelenche,yes
24,5,0.0625,tree_05to09,yes,keelenche,yes
24,4,0.04,sapling,yes,keelenche,yes
24,7,0.1225,tree_05to09,yes,keelenche,yes
24,2,0.01,sapling,yes,keelenche,yes
24,1,0.0025,sapling,yes,keelenche,yes
24,1,0.0025,sapling,yes,keelenche,yes
24,1,0.0025,sapling,yes,keelenche,yes
24,2,0.01,sapling,yes,keelenche,yes
24,1,0.0025,sapling,yes,keelenche,yes
24,2,0.01,sapling,yes,keelenche,yes
24,2,0.01,sapling,yes,keelenche,yes
24,1,0.0025,sapling,yes,keelenche,yes
24,2,0.01,sapling,yes,keelenche,yes
24,7,0.1225,tree_05to09,yes,keelenche,yes
24,7,0.1225,tree_05to09,yes,keelenche,yes
24,2,0.01,sapling,yes,keelenche,yes
24,3,0.0225,sapling,yes,keelenche,yes
25,7,0.1225,tree_05to09,yes,keelenche,yes
25,12,0.36,tree_10to14,yes,keelenche,yes
25,10,0.25,tree_10to14,yes,keelenche,yes
25,5,0.0625,tree_05to09,yes,keelenche,yes
25,13,0.4225,tree_10to14,yes,keelenche,yes
25,15,0.5625,tree_15to19,yes,keelenche,yes
25,12,0.36,tree_10to14,yes,keelenche,yes
25,10,0.25,tree_10to14,yes,keelenche,yes
25,7,0.1225,tree_05to09,yes,keelenche,yes
25,13,0.4225,tree_10to14,yes,keelenche,yes
25,10,0.25,tree_10to14,yes,keelenche,yes
25,8,0.16,tree_05to09,yes,keelenche,yes
25,3,0.0225,sapling,yes,keelenche,yes
25,8,0.16,tree_05to09,yes,keelenche,yes
25,5,0.0625,tree_05to09,yes,keelenche,yes
25,4,0.04,sapling,yes,keelenche,yes
25,7,0.1225,tree_05to09,yes,keelenche,yes
25,4,0.04,sapling,yes,keelenche,yes
25,4,0.04,sapling,yes,keelenche,yes
25,10,0.25,tree_10to14,yes,keelenche,yes
25,5,0.0625,tree_05to09,yes,keelenche,yes
25,6,0.09,tree_05to09,yes,keelenche,yes
25,1,0.0025,sapling,yes,keelenche,yes
25,6,0.09,tree_05to09,yes,keelenche,yes
25,7,0.1225,tree_05to09,yes,keelenche,yes
25,3,0.0225,sapling,yes,keelenche,yes
25,6,0.09,tree_05to09,yes,keelenche,yes
25,15,0.5625,tree_15to19,yes,keelenche,yes
25,14,0.49,tree_10to14,yes,keelenche,yes
25,16,0.64,tree_15to19,yes,keelenche,yes
25,8,0.16,tree_05to09,yes,keelenche,yes
25,13,0.4225,tree_10to14,yes,keelenche,yes
25,11,0.3025,tree_10to14,yes,keelenche,yes
25,5,0.0625,tree_05to09,yes,keelenche,yes
25,11,0.3025,tree_10to14,yes,keelenche,yes
25,14,0.49,tree_10to14,yes,keelenche,yes
25,16,0.64,tree_15to19,yes,keelenche,yes
25,17,0.7224999999999999,tree_15to19,yes,keelenche,yes
25,15,0.5625,tree_15to19,yes,keelenche,yes
25,4,0.04,sapling,yes,keelenche,yes
25,10,0.25,tree_10to14,yes,keelenche,yes
26,16,0.64,tree_15to19,no,keelenche,yes
26,12,0.36,tree_10to14,no,keelenche,yes
26,11,0.3025,tree_10to14,no,keelenche,yes
26,5,0.0625,tree_05to09,no,keelenche,yes
26,3,0.0225,sapling,no,keelenche,yes
26,7,0.1225,tree_05to09,no,keelenche,yes
26,8,0.16,tree_05to09,no,keelenche,yes
26,13,0.4225,tree_10to14,no,keelenche,yes
26,8,0.16,tree_05to09,no,keelenche,yes
26,10,0.25,tree_10to14,no,keelenche,yes
26,8,0.16,tree_05to09,no,keelenche,yes
26,14,0.49,tree_10to14,no,keelenche,yes
26,15,0.5625,tree_15to19,no,keelenche,yes
26,17,0.7224999999999999,tree_15to19,no,keelenche,yes
26,3,0.0225,sapling,no,keelenche,yes
26,16,0.64,tree_15to19,no,keelenche,yes
26,5,0.0625,tree_05to09,no,keelenche,yes
26,2,0.01,sapling,no,keelenche,yes
26,2,0.01,sapling,no,keelenche,yes
26,16,0.64,tree_15to19,no,keelenche,yes
26,10,0.25,tree_10to14,no,keelenche,yes
26,11,0.3025,tree_10to14,no,keelenche,yes
26,13,0.4225,tree_10to14,no,keelenche,yes
26,11,0.3025,tree_10to14,no,keelenche,yes
26,10,0.25,tree_10to14,no,keelenche,yes
26,15,0.5625,tree_15to19,no,keelenche,yes
26,13,0.4225,tree_10to14,no,keelenche,yes
26,9,0.20249999999999999,tree_05to09,no,keelenche,yes
26,15,0.5625,tree_15to19,no,keelenche,yes
26,10,0.25,tree_10to14,no,keelenche,yes
26,17,0.7224999999999999,tree_15to19,no,keelenche,yes
26,19,0.9024999999999999,tree_15to19,no,keelenche,yes
26,5,0.0625,tree_05to09,no,keelenche,yes
26,7,0.1225,tree_05to09,no,keelenche,yes
26,10,0.25,tree_10to14,no,keelenche,yes
26,14,0.49,tree_10to14,no,keelenche,yes
27,8,0.16,tree_05to09,no,keelenche,yes
27,9,0.20249999999999999,tree_05to09,no,keelenche,yes
27,15,0.5625,tree_15to19,no,keelenche,yes
27,7,0.1225,tree_05to09,no,keelenche,yes
27,8,0.16,tree_05to09,no,keelenche,yes
27,7,0.1225,tree_05to09,no,keelenche,yes
27,14,0.49,tree_10to14,no,keelenche,yes
27,3,0.0225,sapling,no,keelenche,yes
27,15,0.5625,tree_15to19,no,keelenche,yes
27,5,0.0625,tree_05to09,no,keelenche,yes
27,11,0.3025,tree_10to14,no,keelenche,yes
27,9,0.20249999999999999,tree_05to09,no,keelenche,yes
27,7,0.1225,tree_05to09,no,keelenche,yes
27,10,0.25,tree_10to14,no,keelenche,yes
27,9,0.20249999999999999,tree_05to09,no,keelenche,yes
27,10,0.25,tree_10to14,no,keelenche,yes
27,10,0.25,tree_10to14,no,keelenche,yes
27,14,0.49,tree_10to14,no,keelenche,yes
27,7,0.1225,tree_05to09,no,keelenche,yes
27,10,0.25,tree_10to14,no,keelenche,yes
27,3,0.0225,sapling,no,keelenche,yes
27,4,0.04,sapling,no,keelenche,yes
27,7,0.1225,tree_05to09,no,keelenche,yes
27,5,0.0625,tree_05to09,no,keelenche,yes
27,9,0.20249999999999999,tree_05to09,no,keelenche,yes
27,10,0.25,tree_10to14,no,keelenche,yes
27,9,0.20249999999999999,tree_05to09,no,keelenche,yes
27,4,0.04,sapling,no,keelenche,yes
27,5,0.0625,tree_05to09,no,keelenche,yes
27,2,0.01,sapling,no,keelenche,yes
27,3,0.0225,sapling,no,keelenche,yes
27,2,0.01,sapling,no,keelenche,yes
27,19,0.9024999999999999,tree_15to19,no,keelenche,yes
27,3,0.0225,sapling,no,keelenche,yes
27,8,0.16,tree_05to09,no,keelenche,yes
27,6,0.09,tree_05to09,no,keelenche,yes
27,11,0.3025,tree_10to14,no,keelenche,yes
27,6,0.09,tree_05to09,no,keelenche,yes
27,10,0.25,tree_10to14,no,keelenche,yes
27,13,0.4225,tree_10to14,no,keelenche,yes
27,5,0.0625,tree_05to09,no,keelenche,yes
27,6,0.09,tree_05to09,no,keelenche,yes
27,4,0.04,sapling,no,keelenche,yes
27,6,0.09,tree_05to09,no,keelenche,yes
27,7,0.1225,tree_05to09,no,keelenche,yes
27,6,0.09,tree_05to09,no,keelenche,yes
27,3,0.0225,sapling,no,keelenche,yes
27,4,0.04,sapling,no,keelenche,yes
27,11,0.3025,tree_10to14,no,keelenche,yes
27,8,0.16,tree_05to09,no,keelenche,yes
27,11,0.3025,tree_10to14,no,keelenche,yes
27,10,0.25,tree_10to14,no,keelenche,yes
27,11,0.3025,tree_10to14,no,keelenche,yes
27,5,0.0625,tree_05to09,no,keelenche,yes
27,5,0.0625,tree_05to09,no,keelenche,yes
27,3,0.0225,sapling,no,keelenche,yes
27,3,0.0225,sapling,no,keelenche,yes
27,7,0.1225,tree_05to09,no,keelenche,yes
27,10,0.25,tree_10to14,no,keelenche,yes
27,9,0.20249999999999999,tree_05to09,no,keelenche,yes
27,10,0.25,tree_10to14,no,keelenche,yes
27,4,0.04,sapling,no,keelenche,yes
27,7,0.1225,tree_05to09,no,keelenche,yes
27,12,0.36,tree_10to14,no,keelenche,yes
27,6,0.09,tree_05to09,no,keelenche,yes
27,11,0.3025,tree_10to14,no,keelenche,yes
27,2,0.01,sapling,no,keelenche,yes
27,11,0.3025,tree_10to14,no,keelenche,yes
27,7,0.1225,tree_05to09,no,keelenche,yes
27,3,0.0225,sapling,no,keelenche,yes
27,4,0.04,sapling,no,keelenche,yes
27,1,0.0025,sapling,no,keelenche,yes
27,9,0.20249999999999999,tree_05to09,no,keelenche,yes
27,8,0.16,tree_05to09,no,keelenche,yes
27,7,0.1225,tree_05to09,no,keelenche,yes
27,3,0.0225,sapling,no,keelenche,yes
27,12,0.36,tree_10to14,no,keelenche,yes
27,11,0.3025,tree_10to14,no,keelenche,yes
27,3,0.0225,sapling,no,keelenche,yes
27,4,0.04,sapling,no,keelenche,yes
27,3,0.0225,sapling,no,keelenche,yes
27,2,0.01,sapling,no,keelenche,yes
27,1,0.0025,sapling,no,keelenche,yes
27,2,0.01,sapling,no,keelenche,yes
28,6,0.09,tree_05to09,yes,nukuuchche,yes
28,4,0.04,sapling,yes,nukuuchche,yes
28,7,0.1225,tree_05to09,yes,nukuuchche,yes
28,5,0.0625,tree_05to09,yes,nukuuchche,yes
28,12,0.36,tree_10to14,yes,nukuuchche,yes
28,13,0.4225,tree_10to14,yes,nukuuchche,yes
28,6,0.09,tree_05to09,yes,nukuuchche,yes
28,23,1.3224999999999998,tree_20plus,yes,nukuuchche,yes
28,25,1.5625,tree_20plus,yes,nukuuchche,yes
28,9,0.20249999999999999,tree_05to09,yes,nukuuchche,yes
28,4,0.04,sapling,yes,nukuuchche,yes
28,2,0.01,sapling,yes,nukuuchche,yes
28,17,0.7224999999999999,tree_15to19,yes,nukuuchche,yes
28,11,0.3025,tree_10to14,yes,nukuuchche,yes
28,9,0.20249999999999999,tree_05to09,yes,nukuuchche,yes
29,11,0.3025,tree_10to14,yes,nukuuchche,yes
29,7,0.1225,tree_05to09,yes,nukuuchche,yes
29,2,0.01,sapling,yes,nukuuchche,yes
29,16,0.64,tree_15to19,yes,nukuuchche,yes
29,18,0.8099999999999999,tree_15to19,yes,nukuuchche,yes
29,17,0.7224999999999999,tree_15to19,yes,nukuuchche,yes
29,9,0.20249999999999999,tree_05to09,yes,nukuuchche,yes
29,13,0.4225,tree_10to14,yes,nukuuchche,yes
29,11,0.3025,tree_10to14,yes,nukuuchche,yes
29,11,0.3025,tree_10to14,yes,nukuuchche,yes
29,6,0.09,tree_05to09,yes,nukuuchche,yes
29,7,0.1225,tree_05to09,yes,nukuuchche,yes
29,13,0.4225,tree_10to14,yes,nukuuchche,yes
29,6,0.09,tree_05to09,yes,nukuuchche,yes
29,15,0.5625,tree_15to19,yes,nukuuchche,yes
29,8,0.16,tree_05to09,yes,nukuuchche,yes
29,16,0.64,tree_15to19,yes,nukuuchche,yes
29,11,0.3025,tree_10to14,yes,nukuuchche,yes
29,11,0.3025,tree_10to14,yes,nukuuchche,yes
29,6,0.09,tree_05to09,yes,nukuuchche,yes
29,4,0.04,sapling,yes,nukuuchche,yes
29,5,0.0625,tree_05to09,yes,nukuuchche,yes
29,5,0.0625,tree_05to09,yes,nukuuchche,yes
29,17,0.7224999999999999,tree_15to19,yes,nukuuchche,yes
29,6,0.09,tree_05to09,yes,nukuuchche,yes
29,12,0.36,tree_10to14,yes,nukuuchche,yes
29,19,0.9024999999999999,tree_15to19,yes,nukuuchche,yes
29,12,0.36,tree_10to14,yes,nukuuchche,yes
29,19,0.9024999999999999,tree_15to19,yes,nukuuchche,yes
29,8,0.16,tree_05to09,yes,nukuuchche,yes
29,6,0.09,tree_05to09,yes,nukuuchche,yes
29,14,0.49,tree_10to14,yes,nukuuchche,yes
29,5,0.0625,tree_05to09,yes,nukuuchche,yes
29,10,0.25,tree_10to14,yes,nukuuchche,yes
30,17,0.7224999999999999,tree_15to19,no,nukuuchche,yes
30,11,0.3025,tree_10to14,no,nukuuchche,yes
30,16,0.64,tree_15to19,no,nukuuchche,yes
30,5,0.0625,tree_05to09,no,nukuuchche,yes
30,18,0.8099999999999999,tree_15to19,no,nukuuchche,yes
30,4,0.04,sapling,no,nukuuchche,yes
30,24,1.44,tree_20plus,no,nukuuchche,yes
30,12,0.36,tree_10to14,no,nukuuchche,yes
30,20,1,tree_20plus,no,nukuuchche,yes
30,16,0.64,tree_15to19,no,nukuuchche,yes
30,8,0.16,tree_05to09,no,nukuuchche,yes
31,19,0.9024999999999999,tree_15to19,no,nukuuchche,yes
31,24,1.44,tree_20plus,no,nukuuchche,yes
31,9,0.20249999999999999,tree_05to09,no,nukuuchche,yes
31,11,0.3025,tree_10to14,no,nukuuchche,yes
31,8,0.16,tree_05to09,no,nukuuchche,yes
31,7,0.1225,tree_05to09,no,nukuuchche,yes
31,20,1,tree_20plus,no,nukuuchche,yes
31,18,0.8099999999999999,tree_15to19,no,nukuuchche,yes
31,20,1,tree_20plus,no,nukuuchche,yes
31,9,0.20249999999999999,tree_05to09,no,nukuuchche,yes
31,6,0.09,tree_05to09,no,nukuuchche,yes
31,6,0.09,tree_05to09,no,nukuuchche,yes
31,5,0.0625,tree_05to09,no,nukuuchche,yes
31,4,0.04,sapling,no,nukuuchche,yes
31,13,0.4225,tree_10to14,no,nukuuchche,yes
31,8,0.16,tree_05to09,no,nukuuchche,yes
32,9,0.20249999999999999,tree_05to09,no,keelenche,yes
32,8,0.16,tree_05to09,no,keelenche,yes
32,6,0.09,tree_05to09,no,keelenche,yes
32,5,0.0625,tree_05to09,no,keelenche,yes
32,0.5,6.25e-4,sapling,no,keelenche,yes
32,1,0.0025,sapling,no,keelenche,yes
32,1,0.0025,sapling,no,keelenche,yes
32,7,0.1225,tree_05to09,no,keelenche,yes
32,9,0.20249999999999999,tree_05to09,no,keelenche,yes
32,6,0.09,tree_05to09,no,keelenche,yes
32,3,0.0225,sapling,no,keelenche,yes
32,5,0.0625,tree_05to09,no,keelenche,yes
32,4,0.04,sapling,no,keelenche,yes
32,4,0.04,sapling,no,keelenche,yes
32,3,0.0225,sapling,no,keelenche,yes
32,6,0.09,tree_05to09,no,keelenche,yes
32,7,0.1225,tree_05to09,no,keelenche,yes
32,4,0.04,sapling,no,keelenche,yes
32,7,0.1225,tree_05to09,no,keelenche,yes
32,4,0.04,sapling,no,keelenche,yes
32,5,0.0625,tree_05to09,no,keelenche,yes
32,5,0.0625,tree_05to09,no,keelenche,yes
32,3,0.0225,sapling,no,keelenche,yes
32,4,0.04,sapling,no,keelenche,yes
32,3,0.0225,sapling,no,keelenche,yes
32,2,0.01,sapling,no,keelenche,yes
32,2,0.01,sapling,no,keelenche,yes
32,5,0.0625,tree_05to09,no,keelenche,yes
32,4,0.04,sapling,no,keelenche,yes
32,3,0.0225,sapling,no,keelenche,yes
32,3,0.0225,sapling,no,keelenche,yes
32,2,0.01,sapling,no,keelenche,yes
32,10,0.25,tree_10to14,no,keelenche,yes
32,7,0.1225,tree_05to09,no,keelenche,yes
32,8,0.16,tree_05to09,no,keelenche,yes
32,7,0.1225,tree_05to09,no,keelenche,yes
32,8,0.16,tree_05to09,no,keelenche,yes
32,6,0.09,tree_05to09,no,keelenche,yes
32,4,0.04,sapling,no,keelenche,yes
32,8,0.16,tree_05to09,no,keelenche,yes
32,9,0.20249999999999999,tree_05to09,no,keelenche,yes
32,1,0.0025,sapling,no,keelenche,yes
32,1,0.0025,sapling,no,keelenche,yes
32,4,0.04,sapling,no,keelenche,yes
32,3,0.0225,sapling,no,keelenche,yes
32,5,0.0625,tree_05to09,no,keelenche,yes
32,5,0.0625,tree_05to09,no,keelenche,yes
32,7,0.1225,tree_05to09,no,keelenche,yes
32,2,0.01,sapling,no,keelenche,yes
32,1,0.0025,sapling,no,keelenche,yes
32,8,0.16,tree_05to09,no,keelenche,yes
32,8,0.16,tree_05to09,no,keelenche,yes
32,6,0.09,tree_05to09,no,keelenche,yes
32,2,0.01,sapling,no,keelenche,yes
32,1,0.0025,sapling,no,keelenche,yes
32,9,0.20249999999999999,tree_05to09,no,keelenche,yes
32,5,0.0625,tree_05to09,no,keelenche,yes
32,7,0.1225,tree_05to09,no,keelenche,yes
32,8,0.16,tree_05to09,no,keelenche,yes
33,2,0.01,sapling,no,keelenche,yes
33,9,0.20249999999999999,tree_05to09,no,keelenche,yes
33,3,0.0225,sapling,no,keelenche,yes
33,11,0.3025,tree_10to14,no,keelenche,yes
33,13,0.4225,tree_10to14,no,keelenche,yes
33,7,0.1225,tree_05to09,no,keelenche,yes
33,7,0.1225,tree_05to09,no,keelenche,yes
33,9,0.20249999999999999,tree_05to09,no,keelenche,yes
33,7,0.1225,tree_05to09,no,keelenche,yes
33,12,0.36,tree_10to14,no,keelenche,yes
33,7,0.1225,tree_05to09,no,keelenche,yes
33,11,0.3025,tree_10to14,no,keelenche,yes
33,6,0.09,tree_05to09,no,keelenche,yes
33,4,0.04,sapling,no,keelenche,yes
33,6,0.09,tree_05to09,no,keelenche,yes
33,6,0.09,tree_05to09,no,keelenche,yes
33,13,0.4225,tree_10to14,no,keelenche,yes
33,4,0.04,sapling,no,keelenche,yes
33,4,0.04,sapling,no,keelenche,yes
33,5,0.0625,tree_05to09,no,keelenche,yes
33,8,0.16,tree_05to09,no,keelenche,yes
33,11,0.3025,tree_10to14,no,keelenche,yes
33,5,0.0625,tree_05to09,no,keelenche,yes
33,7,0.1225,tree_05to09,no,keelenche,yes
33,5,0.0625,tree_05to09,no,keelenche,yes
33,10,0.25,tree_10to14,no,keelenche,yes
33,12,0.36,tree_10to14,no,keelenche,yes
33,18,0.8099999999999999,tree_15to19,no,keelenche,yes
33,7,0.1225,tree_05to09,no,keelenche,yes
33,9,0.20249999999999999,tree_05to09,no,keelenche,yes
33,4,0.04,sapling,no,keelenche,yes
34,3,0.0225,sapling,yes,keelenche,yes
34,11,0.3025,tree_10to14,yes,keelenche,yes
34,10,0.25,tree_10to14,yes,keelenche,yes
34,2,0.01,sapling,yes,keelenche,yes
34,4,0.04,sapling,yes,keelenche,yes
34,3,0.0225,sapling,yes,keelenche,yes
34,7,0.1225,tree_05to09,yes,keelenche,yes
34,5,0.0625,tree_05to09,yes,keelenche,yes
34,5,0.0625,tree_05to09,yes,keelenche,yes
34,9,0.20249999999999999,tree_05to09,yes,keelenche,yes
34,2,0.01,sapling,yes,keelenche,yes
34,5,0.0625,tree_05to09,yes,keelenche,yes
34,3,0.0225,sapling,yes,keelenche,yes
34,13,0.4225,tree_10to14,yes,keelenche,yes
34,7,0.1225,tree_05to09,yes,keelenche,yes
34,12,0.36,tree_10to14,yes,keelenche,yes
34,12,0.36,tree_10to14,yes,keelenche,yes
34,11,0.3025,tree_10to14,yes,keelenche,yes
34,1,0.0025,sapling,yes,keelenche,yes
34,10,0.25,tree_10to14,yes,keelenche,yes
34,7,0.1225,tree_05to09,yes,keelenche,yes
34,3,0.0225,sapling,yes,keelenche,yes
34,7,0.1225,tree_05to09,yes,keelenche,yes
34,3,0.0225,sapling,yes,keelenche,yes
34,3,0.0225,sapling,yes,keelenche,yes
34,9,0.20249999999999999,tree_05to09,yes,keelenche,yes
34,7,0.1225,tree_05to09,yes,keelenche,yes
34,15,0.5625,tree_15to19,yes,keelenche,yes
34,3,0.0225,sapling,yes,keelenche,yes
34,7,0.1225,tree_05to09,yes,keelenche,yes
34,3,0.0225,sapling,yes,keelenche,yes
34,5,0.0625,tree_05to09,yes,keelenche,yes
34,8,0.16,tree_05to09,yes,keelenche,yes
34,5,0.0625,tree_05to09,yes,keelenche,yes
34,7,0.1225,tree_05to09,yes,keelenche,yes
34,7,0.1225,tree_05to09,yes,keelenche,yes
34,8,0.16,tree_05to09,yes,keelenche,yes
34,1,0.0025,sapling,yes,keelenche,yes
34,1,0.0025,sapling,yes,keelenche,yes
34,5,0.0625,tree_05to09,yes,keelenche,yes
34,4,0.04,sapling,yes,keelenche,yes
34,9,0.20249999999999999,tree_05to09,yes,keelenche,yes
34,9,0.20249999999999999,tree_05to09,yes,keelenche,yes
34,7,0.1225,tree_05to09,yes,keelenche,yes
34,12,0.36,tree_10to14,yes,keelenche,yes
34,9,0.20249999999999999,tree_05to09,yes,keelenche,yes
34,7,0.1225,tree_05to09,yes,keelenche,yes
34,9,0.20249999999999999,tree_05to09,yes,keelenche,yes
34,2,0.01,sapling,yes,keelenche,yes
34,8,0.16,tree_05to09,yes,keelenche,yes
34,8,0.16,tree_05to09,yes,keelenche,yes
34,5,0.0625,tree_05to09,yes,keelenche,yes
34,9,0.20249999999999999,tree_05to09,yes,keelenche,yes
34,14,0.49,tree_10to14,yes,keelenche,yes
34,3,0.0225,sapling,yes,keelenche,yes
34,8,0.16,tree_05to09,yes,keelenche,yes
34,1,0.0025,sapling,yes,keelenche,yes
34,2,0.01,sapling,yes,keelenche,yes
34,17,0.7224999999999999,tree_15to19,yes,keelenche,yes
34,20,1,tree_20plus,yes,keelenche,yes
34,13,0.4225,tree_10to14,yes,keelenche,yes
34,10,0.25,tree_10to14,yes,keelenche,yes
34,10,0.25,tree_10to14,yes,keelenche,yes
34,6,0.09,tree_05to09,yes,keelenche,yes
34,1,0.0025,sapling,yes,keelenche,yes
34,5,0.0625,tree_05to09,yes,keelenche,yes
34,5,0.0625,tree_05to09,yes,keelenche,yes
34,1,0.0025,sapling,yes,keelenche,yes
35,12,0.36,tree_10to14,yes,keelenche,yes
35,13,0.4225,tree_10to14,yes,keelenche,yes
35,10,0.25,tree_10to14,yes,keelenche,yes
35,5,0.0625,tree_05to09,yes,keelenche,yes
35,5,0.0625,tree_05to09,yes,keelenche,yes
35,10,0.25,tree_10to14,yes,keelenche,yes
35,11,0.3025,tree_10to14,yes,keelenche,yes
35,12,0.36,tree_10to14,yes,keelenche,yes
35,13,0.4225,tree_10to14,yes,keelenche,yes
35,16,0.64,tree_15to19,yes,keelenche,yes
35,9,0.20249999999999999,tree_05to09,yes,keelenche,yes
35,11,0.3025,tree_10to14,yes,keelenche,yes
35,5,0.0625,tree_05to09,yes,keelenche,yes
35,3,0.0225,sapling,yes,keelenche,yes
35,5,0.0625,tree_05to09,yes,keelenche,yes
35,9,0.20249999999999999,tree_05to09,yes,keelenche,yes
35,6,0.09,tree_05to09,yes,keelenche,yes
35,6,0.09,tree_05to09,yes,keelenche,yes
35,11,0.3025,tree_10to14,yes,keelenche,yes
35,6,0.09,tree_05to09,yes,keelenche,yes
36,15,0.5625,tree_15to19,yes,keelenche,yes
36,7,0.1225,tree_05to09,yes,keelenche,yes
36,8,0.16,tree_05to09,yes,keelenche,yes
36,9,0.20249999999999999,tree_05to09,yes,keelenche,yes
36,13,0.4225,tree_10to14,yes,keelenche,yes
36,11,0.3025,tree_10to14,yes,keelenche,yes
36,14,0.49,tree_10to14,yes,keelenche,yes
36,13,0.4225,tree_10to14,yes,keelenche,yes
36,8,0.16,tree_05to09,yes,keelenche,yes
36,15,0.5625,tree_15to19,yes,keelenche,yes
36,9,0.20249999999999999,tree_05to09,yes,keelenche,yes
36,12,0.36,tree_10to14,yes,keelenche,yes
36,11,0.3025,tree_10to14,yes,keelenche,yes
36,6,0.09,tree_05to09,yes,keelenche,yes
36,2,0.01,sapling,yes,keelenche,yes
36,2,0.01,sapling,yes,keelenche,yes
36,1,0.0025,sapling,yes,keelenche,yes
36,1,0.0025,sapling,yes,keelenche,yes
36,1,0.0025,sapling,yes,keelenche,yes
36,5,0.0625,tree_05to09,yes,keelenche,yes
36,6,0.09,tree_05to09,yes,keelenche,yes
36,7,0.1225,tree_05to09,yes,keelenche,yes
36,8,0.16,tree_05to09,yes,keelenche,yes
36,2,0.01,sapling,yes,keelenche,yes
36,7,0.1225,tree_05to09,yes,keelenche,yes
36,1,0.0025,sapling,yes,keelenche,yes
37,11,0.3025,tree_10to14,no,keelenche,yes
37,7,0.1225,tree_05to09,no,keelenche,yes
37,9,0.20249999999999999,tree_05to09,no,keelenche,yes
37,12,0.36,tree_10to14,no,keelenche,yes
37,7,0.1225,tree_05to09,no,keelenche,yes
37,8,0.16,tree_05to09,no,keelenche,yes
37,4,0.04,sapling,no,keelenche,yes
37,8,0.16,tree_05to09,no,keelenche,yes
37,5,0.0625,tree_05to09,no,keelenche,yes
37,7,0.1225,tree_05to09,no,keelenche,yes
37,10,0.25,tree_10to14,no,keelenche,yes
37,10,0.25,tree_10to14,no,keelenche,yes
37,3,0.0225,sapling,no,keelenche,yes
37,13,0.4225,tree_10to14,no,keelenche,yes
37,9,0.20249999999999999,tree_05to09,no,keelenche,yes
37,11,0.3025,tree_10to14,no,keelenche,yes
37,13,0.4225,tree_10to14,no,keelenche,yes
37,8,0.16,tree_05to09,no,keelenche,yes
37,12,0.36,tree_10to14,no,keelenche,yes
37,4,0.04,sapling,no,keelenche,yes
37,15,0.5625,tree_15to19,no,keelenche,yes
37,10,0.25,tree_10to14,no,keelenche,yes
37,14,0.49,tree_10to14,no,keelenche,yes
37,5,0.0625,tree_05to09,no,keelenche,yes
37,6,0.09,tree_05to09,no,keelenche,yes
37,9,0.20249999999999999,tree_05to09,no,keelenche,yes
37,7,0.1225,tree_05to09,no,keelenche,yes
37,5,0.0625,tree_05to09,no,keelenche,yes
37,11,0.3025,tree_10to14,no,keelenche,yes
37,15,0.5625,tree_15to19,no,keelenche,yes
37,7,0.1225,tree_05to09,no,keelenche,yes
37,9,0.20249999999999999,tree_05to09,no,keelenche,yes
37,14,0.49,tree_10to14,no,keelenche,yes
37,14,0.49,tree_10to14,no,keelenche,yes
37,3,0.0225,sapling,no,keelenche,yes
37,15,0.5625,tree_15to19,no,keelenche,yes
38,8,0.16,tree_05to09,no,keelenche,yes
38,8,0.16,tree_05to09,no,keelenche,yes
38,4,0.04,sapling,no,keelenche,yes
38,4,0.04,sapling,no,keelenche,yes
38,2,0.01,sapling,no,keelenche,yes
38,1,0.0025,sapling,no,keelenche,yes
38,1,0.0025,sapling,no,keelenche,yes
38,12,0.36,tree_10to14,no,keelenche,yes
38,5,0.0625,tree_05to09,no,keelenche,yes
38,4,0.04,sapling,no,keelenche,yes
38,0.5,6.25e-4,sapling,no,keelenche,yes
38,9,0.20249999999999999,tree_05to09,no,keelenche,yes
38,7,0.1225,tree_05to09,no,keelenche,yes
38,4,0.04,sapling,no,keelenche,yes
38,1,0.0025,sapling,no,keelenche,yes
38,3,0.0225,sapling,no,keelenche,yes
38,3,0.0225,sapling,no,keelenche,yes
38,10,0.25,tree_10to14,no,keelenche,yes
38,3,0.0225,sapling,no,keelenche,yes
38,6,0.09,tree_05to09,no,keelenche,yes
38,0.5,6.25e-4,sapling,no,keelenche,yes
38,2,0.01,sapling,no,keelenche,yes
38,5,0.0625,tree_05to09,no,keelenche,yes
38,4,0.04,sapling,no,keelenche,yes
38,5,0.0625,tree_05to09,no,keelenche,yes
38,12,0.36,tree_10to14,no,keelenche,yes
38,7,0.1225,tree_05to09,no,keelenche,yes
38,12,0.36,tree_10to14,no,keelenche,yes
38,6,0.09,tree_05to09,no,keelenche,yes
38,11,0.3025,tree_10to14,no,keelenche,yes
38,5,0.0625,tree_05to09,no,keelenche,yes
38,6,0.09,tree_05to09,no,keelenche,yes
38,13,0.4225,tree_10to14,no,keelenche,yes
38,17,0.7224999999999999,tree_15to19,no,keelenche,yes
38,2,0.01,sapling,no,keelenche,yes
39,10,0.25,tree_10to14,yes,keelenche,no
39,10,0.25,tree_10to14,yes,keelenche,no
39,11,0.3025,tree_10to14,yes,keelenche,no
39,10,0.25,tree_10to14,yes,keelenche,no
39,12,0.36,tree_10to14,yes,keelenche,no
39,9,0.20249999999999999,tree_05to09,yes,keelenche,no
39,13,0.4225,tree_10to14,yes,keelenche,no
39,12,0.36,tree_10to14,yes,keelenche,no
39,13,0.4225,tree_10to14,yes,keelenche,no
39,16,0.64,tree_15to19,yes,keelenche,no
39,15,0.5625,tree_15to19,yes,keelenche,no
39,4,0.04,sapling,yes,keelenche,no
39,11,0.3025,tree_10to14,yes,keelenche,no
39,14,0.49,tree_10to14,yes,keelenche,no
39,7,0.1225,tree_05to09,yes,keelenche,no
39,6,0.09,tree_05to09,yes,keelenche,no
39,7,0.1225,tree_05to09,yes,keelenche,no
39,15,0.5625,tree_15to19,yes,keelenche,no
39,5,0.0625,tree_05to09,yes,keelenche,no
39,12,0.36,tree_10to14,yes,keelenche,no
39,7,0.1225,tree_05to09,yes,keelenche,no
39,15,0.5625,tree_15to19,yes,keelenche,no
39,12,0.36,tree_10to14,yes,keelenche,no
39,13,0.4225,tree_10to14,yes,keelenche,no
39,6,0.09,tree_05to09,yes,keelenche,no
39,17,0.7224999999999999,tree_15to19,yes,keelenche,no
39,8,0.16,tree_05to09,yes,keelenche,no
39,7,0.1225,tree_05to09,yes,keelenche,no
39,10,0.25,tree_10to14,yes,keelenche,no
39,4,0.04,sapling,yes,keelenche,no
39,12,0.36,tree_10to14,yes,keelenche,no
39,2,0.01,sapling,yes,keelenche,no
39,2,0.01,sapling,yes,keelenche,no
39,7,0.1225,tree_05to09,yes,keelenche,no
39,14,0.49,tree_10to14,yes,keelenche,no
39,5,0.0625,tree_05to09,yes,keelenche,no
39,13,0.4225,tree_10to14,yes,keelenche,no
39,7,0.1225,tree_05to09,yes,keelenche,no
39,15,0.5625,tree_15to19,yes,keelenche,no
39,15,0.5625,tree_15to19,yes,keelenche,no
39,4,0.04,sapling,yes,keelenche,no
39,2,0.01,sapling,yes,keelenche,no
39,3,0.0225,sapling,yes,keelenche,no
39,2,0.01,sapling,yes,keelenche,no
39,2,0.01,sapling,yes,keelenche,no
39,1,0.0025,sapling,yes,keelenche,no
39,17,0.7224999999999999,tree_15to19,yes,keelenche,no
39,5,0.0625,tree_05to09,yes,keelenche,no
39,7,0.1225,tree_05to09,yes,keelenche,no
39,5,0.0625,tree_05to09,yes,keelenche,no
39,1,0.0025,sapling,yes,keelenche,no
39,1,0.0025,sapling,yes,keelenche,no
39,1,0.0025,sapling,yes,keelenche,no
39,10,0.25,tree_10to14,yes,keelenche,no
40,12,0.36,tree_10to14,no,keelenche,no
40,10,0.25,tree_10to14,no,keelenche,no
40,10,0.25,tree_10to14,no,keelenche,no
40,11,0.3025,tree_10to14,no,keelenche,no
40,11,0.3025,tree_10to14,no,keelenche,no
40,1,0.0025,sapling,no,keelenche,no
40,10,0.25,tree_10to14,no,keelenche,no
40,1,0.0025,sapling,no,keelenche,no
40,16,0.64,tree_15to19,no,keelenche,no
40,15,0.5625,tree_15to19,no,keelenche,no
40,7,0.1225,tree_05to09,no,keelenche,no
40,13,0.4225,tree_10to14,no,keelenche,no
40,7,0.1225,tree_05to09,no,keelenche,no
40,11,0.3025,tree_10to14,no,keelenche,no
40,10,0.25,tree_10to14,no,keelenche,no
40,9,0.20249999999999999,tree_05to09,no,keelenche,no
40,3,0.0225,sapling,no,keelenche,no
40,3,0.0225,sapling,no,keelenche,no
40,4,0.04,sapling,no,keelenche,no
40,13,0.4225,tree_10to14,no,keelenche,no
40,3,0.0225,sapling,no,keelenche,no
40,3,0.0225,sapling,no,keelenche,no
40,4,0.04,sapling,no,keelenche,no
40,7,0.1225,tree_05to09,no,keelenche,no
40,14,0.49,tree_10to14,no,keelenche,no
40,8,0.16,tree_05to09,no,keelenche,no
40,5,0.0625,tree_05to09,no,keelenche,no
40,13,0.4225,tree_10to14,no,keelenche,no
40,11,0.3025,tree_10to14,no,keelenche,no
40,10,0.25,tree_10to14,no,keelenche,no
40,10,0.25,tree_10to14,no,keelenche,no
40,16,0.64,tree_15to19,no,keelenche,no
40,14,0.49,tree_10to14,no,keelenche,no
40,15,0.5625,tree_15to19,no,keelenche,no
41,7,0.1225,tree_05to09,yes,keelenche,no
41,9,0.20249999999999999,tree_05to09,yes,keelenche,no
41,4,0.04,sapling,yes,keelenche,no
41,9,0.20249999999999999,tree_05to09,yes,keelenche,no
41,7,0.1225,tree_05to09,yes,keelenche,no
41,6,0.09,tree_05to09,yes,keelenche,no
41,3,0.0225,sapling,yes,keelenche,no
41,3,0.0225,sapling,yes,keelenche,no
41,6,0.09,tree_05to09,yes,keelenche,no
41,2,0.01,sapling,yes,keelenche,no
41,5,0.0625,tree_05to09,yes,keelenche,no
41,8,0.16,tree_05to09,yes,keelenche,no
41,3,0.0225,sapling,yes,keelenche,no
41,7,0.1225,tree_05to09,yes,keelenche,no
41,11,0.3025,tree_10to14,yes,keelenche,no
41,11,0.3025,tree_10to14,yes,keelenche,no
41,8,0.16,tree_05to09,yes,keelenche,no
41,10,0.25,tree_10to14,yes,keelenche,no
41,13,0.4225,tree_10to14,yes,keelenche,no
41,11,0.3025,tree_10to14,yes,keelenche,no
41,2,0.01,sapling,yes,keelenche,no
41,11,0.3025,tree_10to14,yes,keelenche,no
41,9,0.20249999999999999,tree_05to09,yes,keelenche,no
41,10,0.25,tree_10to14,yes,keelenche,no
41,2,0.01,sapling,yes,keelenche,no
41,1,0.0025,sapling,yes,keelenche,no
41,1,0.0025,sapling,yes,keelenche,no
41,1,0.0025,sapling,yes,keelenche,no
41,5,0.0625,tree_05to09,yes,keelenche,no
41,13,0.4225,tree_10to14,yes,keelenche,no
41,8,0.16,tree_05to09,yes,keelenche,no
41,7,0.1225,tree_05to09,yes,keelenche,no
41,4,0.04,sapling,yes,keelenche,no
41,2,0.01,sapling,yes,keelenche,no
42,9,0.20249999999999999,tree_05to09,no,keelenche,no
42,2,0.01,sapling,no,keelenche,no
42,8,0.16,tree_05to09,no,keelenche,no
42,8,0.16,tree_05to09,no,keelenche,no
42,10,0.25,tree_10to14,no,keelenche,no
42,8,0.16,tree_05to09,no,keelenche,no
42,11,0.3025,tree_10to14,no,keelenche,no
42,21,1.1024999999999998,tree_20plus,no,keelenche,no
42,2,0.01,sapling,no,keelenche,no
42,2,0.01,sapling,no,keelenche,no
42,5,0.0625,tree_05to09,no,keelenche,no
42,4,0.04,sapling,no,keelenche,no
42,7,0.1225,tree_05to09,no,keelenche,no
42,4,0.04,sapling,no,keelenche,no
42,6,0.09,tree_05to09,no,keelenche,no
42,7,0.1225,tree_05to09,no,keelenche,no
42,7,0.1225,tree_05to09,no,keelenche,no
42,4,0.04,sapling,no,keelenche,no
42,3,0.0225,sapling,no,keelenche,no
42,7,0.1225,tree_05to09,no,keelenche,no
42,7,0.1225,tree_05to09,no,keelenche,no
42,3,0.0225,sapling,no,keelenche,no
42,2,0.01,sapling,no,keelenche,no
42,6,0.09,tree_05to09,no,keelenche,no
42,4,0.04,sapling,no,keelenche,no
42,3,0.0225,sapling,no,keelenche,no
42,4,0.04,sapling,no,keelenche,no
42,8,0.16,tree_05to09,no,keelenche,no
42,6,0.09,tree_05to09,no,keelenche,no
42,7,0.1225,tree_05to09,no,keelenche,no
42,14,0.49,tree_10to14,no,keelenche,no
42,8,0.16,tree_05to09,no,keelenche,no
42,10,0.25,tree_10to14,no,keelenche,no
42,7,0.1225,tree_05to09,no,keelenche,no
42,5,0.0625,tree_05to09,no,keelenche,no
42,6,0.09,tree_05to09,no,keelenche,no
42,6,0.09,tree_05to09,no,keelenche,no
42,5,0.0625,tree_05to09,no,keelenche,no
42,5,0.0625,tree_05to09,no,keelenche,no
42,5,0.0625,tree_05to09,no,keelenche,no
42,1,0.0025,sapling,no,keelenche,no
42,6,0.09,tree_05to09,no,keelenche,no
42,4,0.04,sapling,no,keelenche,no
42,3,0.0225,sapling,no,keelenche,no
42,2,0.01,sapling,no,keelenche,no
43,11,0.3025,tree_10to14,yes,nukuuchche,no
43,11,0.3025,tree_10to14,yes,nukuuchche,no
43,16,0.64,tree_15to19,yes,nukuuchche,no
43,23,1.3224999999999998,tree_20plus,yes,nukuuchche,no
43,12,0.36,tree_10to14,yes,nukuuchche,no
43,24,1.44,tree_20plus,yes,nukuuchche,no
43,10,0.25,tree_10to14,yes,nukuuchche,no
43,1,0.0025,sapling,yes,nukuuchche,no
43,1,0.0025,sapling,yes,nukuuchche,no
43,1,0.0025,sapling,yes,nukuuchche,no
43,8,0.16,tree_05to09,yes,nukuuchche,no
43,6,0.09,tree_05to09,yes,nukuuchche,no
43,7,0.1225,tree_05to09,yes,nukuuchche,no
43,6,0.09,tree_05to09,yes,nukuuchche,no
43,18,0.8099999999999999,tree_15to19,yes,nukuuchche,no
43,9,0.20249999999999999,tree_05to09,yes,nukuuchche,no
43,13,0.4225,tree_10to14,yes,nukuuchche,no
44,12,0.36,tree_10to14,no,nukuuchche,no
44,6,0.09,tree_05to09,no,nukuuchche,no
44,13,0.4225,tree_10to14,no,nukuuchche,no
44,12,0.36,tree_10to14,no,nukuuchche,no
44,7,0.1225,tree_05to09,no,nukuuchche,no
44,10,0.25,tree_10to14,no,nukuuchche,no
44,7,0.1225,tree_05to09,no,nukuuchche,no
44,11,0.3025,tree_10to14,no,nukuuchche,no
44,8,0.16,tree_05to09,no,nukuuchche,no
44,18,0.8099999999999999,tree_15to19,no,nukuuchche,no
44,7,0.1225,tree_05to09,no,nukuuchche,no
44,10,0.25,tree_10to14,no,nukuuchche,no
44,11,0.3025,tree_10to14,no,nukuuchche,no
44,6,0.09,tree_05to09,no,nukuuchche,no
44,15,0.5625,tree_15to19,no,nukuuchche,no
44,13,0.4225,tree_10to14,no,nukuuchche,no
44,16,0.64,tree_15to19,no,nukuuchche,no
44,19,0.9024999999999999,tree_15to19,no,nukuuchche,no
44,8,0.16,tree_05to09,no,nukuuchche,no
44,4,0.04,sapling,no,nukuuchche,no
44,4,0.04,sapling,no,nukuuchche,no
45,7,0.1225,tree_05to09,no,nukuuchche,no
45,13,0.4225,tree_10to14,no,nukuuchche,no
45,8,0.16,tree_05to09,no,nukuuchche,no
45,6,0.09,tree_05to09,no,nukuuchche,no
45,19,0.9024999999999999,tree_15to19,no,nukuuchche,no
45,3,0.0225,sapling,no,nukuuchche,no
45,19,0.9024999999999999,tree_15to19,no,nukuuchche,no
45,6,0.09,tree_05to09,no,nukuuchche,no
45,17,0.7224999999999999,tree_15to19,no,nukuuchche,no
45,21,1.1024999999999998,tree_20plus,no,nukuuchche,no
45,16,0.64,tree_15to19,no,nukuuchche,no
45,18,0.8099999999999999,tree_15to19,no,nukuuchche,no
45,3,0.0225,sapling,no,nukuuchche,no
45,6,0.09,tree_05to09,no,nukuuchche,no
45,15,0.5625,tree_15to19,no,nukuuchche,no
45,6,0.09,tree_05to09,no,nukuuchche,no
45,3,0.0225,sapling,no,nukuuchche,no
45,14,0.49,tree_10to14,no,nukuuchche,no
45,13,0.4225,tree_10to14,no,nukuuchche,no
45,14,0.49,tree_10to14,no,nukuuchche,no
45,13,0.4225,tree_10to14,no,nukuuchche,no
45,8,0.16,tree_05to09,no,nukuuchche,no
45,7,0.1225,tree_05to09,no,nukuuchche,no
45,13,0.4225,tree_10to14,no,nukuuchche,no
45,15,0.5625,tree_15to19,no,nukuuchche,no
45,15,0.5625,tree_15to19,no,nukuuchche,no
45,3,0.0225,sapling,no,nukuuchche,no
45,12,0.36,tree_10to14,no,nukuuchche,no
45,18,0.8099999999999999,tree_15to19,no,nukuuchche,no
45,6,0.09,tree_05to09,no,nukuuchche,no
45,12,0.36,tree_10to14,no,nukuuchche,no
45,8,0.16,tree_05to09,no,nukuuchche,no
45,6,0.09,tree_05to09,no,nukuuchche,no
45,12,0.36,tree_10to14,no,nukuuchche,no
45,20,1,tree_20plus,no,nukuuchche,no
46,10,0.25,tree_10to14,yes,nukuuchche,no
46,8,0.16,tree_05to09,yes,nukuuchche,no
46,9,0.20249999999999999,tree_05to09,yes,nukuuchche,no
46,7,0.1225,tree_05to09,yes,nukuuchche,no
46,11,0.3025,tree_10to14,yes,nukuuchche,no
46,10,0.25,tree_10to14,yes,nukuuchche,no
46,15,0.5625,tree_15to19,yes,nukuuchche,no
46,10,0.25,tree_10to14,yes,nukuuchche,no
46,11,0.3025,tree_10to14,yes,nukuuchche,no
46,19,0.9024999999999999,tree_15to19,yes,nukuuchche,no
46,19,0.9024999999999999,tree_15to19,yes,nukuuchche,no
46,23,1.3224999999999998,tree_20plus,yes,nukuuchche,no
46,8,0.16,tree_05to09,yes,nukuuchche,no
46,10,0.25,tree_10to14,yes,nukuuchche,no
46,5,0.0625,tree_05to09,yes,nukuuchche,no
46,19,0.9024999999999999,tree_15to19,yes,nukuuchche,no
46,19,0.9024999999999999,tree_15to19,yes,nukuuchche,no
46,11,0.3025,tree_10to14,yes,nukuuchche,no
46,10,0.25,tree_10to14,yes,nukuuchche,no
46,3,0.0225,sapling,yes,nukuuchche,no
46,8,0.16,tree_05to09,yes,nukuuchche,no
46,5,0.0625,tree_05to09,yes,nukuuchche,no
46,11,0.3025,tree_10to14,yes,nukuuchche,no
46,12,0.36,tree_10to14,yes,nukuuchche,no
46,11,0.3025,tree_10to14,yes,nukuuchche,no
46,13,0.4225,tree_10to14,yes,nukuuchche,no
46,5,0.0625,tree_05to09,yes,nukuuchche,no
46,6,0.09,tree_05to09,yes,nukuuchche,no
46,5,0.0625,tree_05to09,yes,nukuuchche,no
46,6,0.09,tree_05to09,yes,nukuuchche,no
46,3,0.0225,sapling,yes,nukuuchche,no
46,3,0.0225,sapling,yes,nukuuchche,no
47,3,0.0225,sapling,no,keelenche,yes
47,7,0.1225,tree_05to09,no,keelenche,yes
47,22,1.21,tree_20plus,no,keelenche,yes
47,18,0.8099999999999999,tree_15to19,no,keelenche,yes
47,13,0.4225,tree_10to14,no,keelenche,yes
47,16,0.64,tree_15to19,no,keelenche,yes
47,9,0.20249999999999999,tree_05to09,no,keelenche,yes
47,20,1,tree_20plus,no,keelenche,yes
47,16,0.64,tree_15to19,no,keelenche,yes
47,8,0.16,tree_05to09,no,keelenche,yes
47,6,0.09,tree_05to09,no,keelenche,yes
47,17,0.7224999999999999,tree_15to19,no,keelenche,yes
47,14,0.49,tree_10to14,no,keelenche,yes
47,6,0.09,tree_05to09,no,keelenche,yes
47,12,0.36,tree_10to14,no,keelenche,yes
47,7,0.1225,tree_05to09,no,keelenche,yes
47,11,0.3025,tree_10to14,no,keelenche,yes
47,8,0.16,tree_05to09,no,keelenche,yes
47,8,0.16,tree_05to09,no,keelenche,yes
47,11,0.3025,tree_10to14,no,keelenche,yes
47,1,0.0025,sapling,no,keelenche,yes
47,18,0.8099999999999999,tree_15to19,no,keelenche,yes
47,14,0.49,tree_10to14,no,keelenche,yes
47,8,0.16,tree_05to09,no,keelenche,yes
47,6,0.09,tree_05to09,no,keelenche,yes
47,12,0.36,tree_10to14,no,keelenche,yes
47,18,0.8099999999999999,tree_15to19,no,keelenche,yes
47,19,0.9024999999999999,tree_15to19,no,keelenche,yes
47,11,0.3025,tree_10to14,no,keelenche,yes
47,8,0.16,tree_05to09,no,keelenche,yes
48,20,1,tree_20plus,yes,keelenche,yes
48,17,0.7224999999999999,tree_15to19,yes,keelenche,yes
48,2,0.01,sapling,yes,keelenche,yes
48,5,0.0625,tree_05to09,yes,keelenche,yes
48,7,0.1225,tree_05to09,yes,keelenche,yes
48,15,0.5625,tree_15to19,yes,keelenche,yes
48,15,0.5625,tree_15to19,yes,keelenche,yes
48,13,0.4225,tree_10to14,yes,keelenche,yes
48,2,0.01,sapling,yes,keelenche,yes
48,3,0.0225,sapling,yes,keelenche,yes
48,2,0.01,sapling,yes,keelenche,yes
48,6,0.09,tree_05to09,yes,keelenche,yes
48,12,0.36,tree_10to14,yes,keelenche,yes
48,6,0.09,tree_05to09,yes,keelenche,yes
48,3,0.0225,sapling,yes,keelenche,yes
48,12,0.36,tree_10to14,yes,keelenche,yes
48,16,0.64,tree_15to19,yes,keelenche,yes
48,3,0.0225,sapling,yes,keelenche,yes
48,9,0.20249999999999999,tree_05to09,yes,keelenche,yes
48,7,0.1225,tree_05to09,yes,keelenche,yes
48,6,0.09,tree_05to09,yes,keelenche,yes
48,6,0.09,tree_05to09,yes,keelenche,yes
48,12,0.36,tree_10to14,yes,keelenche,yes
48,6,0.09,tree_05to09,yes,keelenche,yes
48,12,0.36,tree_10to14,yes,keelenche,yes
48,4,0.04,sapling,yes,keelenche,yes
48,4,0.04,sapling,yes,keelenche,yes
48,4,0.04,sapling,yes,keelenche,yes
48,3,0.0225,sapling,yes,keelenche,yes
48,18,0.8099999999999999,tree_15to19,yes,keelenche,yes
48,3,0.0225,sapling,yes,keelenche,yes
48,9,0.20249999999999999,tree_05to09,yes,keelenche,yes
48,7,0.1225,tree_05to09,yes,keelenche,yes
48,9,0.20249999999999999,tree_05to09,yes,keelenche,yes
48,8,0.16,tree_05to09,yes,keelenche,yes
48,7,0.1225,tree_05to09,yes,keelenche,yes
48,16,0.64,tree_15to19,yes,keelenche,yes
48,7,0.1225,tree_05to09,yes,keelenche,yes
48,6,0.09,tree_05to09,yes,keelenche,yes
48,8,0.16,tree_05to09,yes,keelenche,yes
48,10,0.25,tree_10to14,yes,keelenche,yes
48,9,0.20249999999999999,tree_05to09,yes,keelenche,yes
48,14,0.49,tree_10to14,yes,keelenche,yes
48,14,0.49,tree_10to14,yes,keelenche,yes
48,3,0.0225,sapling,yes,keelenche,yes
48,4,0.04,sapling,yes,keelenche,yes
48,11,0.3025,tree_10to14,yes,keelenche,yes
48,3,0.0225,sapling,yes,keelenche,yes
48,12,0.36,tree_10to14,yes,keelenche,yes
48,5,0.0625,tree_05to09,yes,keelenche,yes
48,12,0.36,tree_10to14,yes,keelenche,yes
48,11,0.3025,tree_10to14,yes,keelenche,yes
48,5,0.0625,tree_05to09,yes,keelenche,yes
48,12,0.36,tree_10to14,yes,keelenche,yes
48,6,0.09,tree_05to09,yes,keelenche,yes
48,2,0.01,sapling,yes,keelenche,yes
48,5,0.0625,tree_05to09,yes,keelenche,yes
49,5,0.0625,tree_05to09,no,keelenche,yes
49,2,0.01,sapling,no,keelenche,yes
49,4,0.04,sapling,no,keelenche,yes
49,5,0.0625,tree_05to09,no,keelenche,yes
49,2,0.01,sapling,no,keelenche,yes
49,4,0.04,sapling,no,keelenche,yes
49,8,0.16,tree_05to09,no,keelenche,yes
49,14,0.49,tree_10to14,no,keelenche,yes
49,5,0.0625,tree_05to09,no,keelenche,yes
49,5,0.0625,tree_05to09,no,keelenche,yes
49,5,0.0625,tree_05to09,no,keelenche,yes
49,4,0.04,sapling,no,keelenche,yes
49,11,0.3025,tree_10to14,no,keelenche,yes
49,11,0.3025,tree_10to14,no,keelenche,yes
49,6,0.09,tree_05to09,no,keelenche,yes
49,6,0.09,tree_05to09,no,keelenche,yes
49,4,0.04,sapling,no,keelenche,yes
49,6,0.09,tree_05to09,no,keelenche,yes
49,8,0.16,tree_05to09,no,keelenche,yes
49,9,0.20249999999999999,tree_05to09,no,keelenche,yes
49,10,0.25,tree_10to14,no,keelenche,yes
49,9,0.20249999999999999,tree_05to09,no,keelenche,yes
49,11,0.3025,tree_10to14,no,keelenche,yes
49,6,0.09,tree_05to09,no,keelenche,yes
49,4,0.04,sapling,no,keelenche,yes
49,2,0.01,sapling,no,keelenche,yes
49,4,0.04,sapling,no,keelenche,yes
49,6,0.09,tree_05to09,no,keelenche,yes
49,4,0.04,sapling,no,keelenche,yes
49,10,0.25,tree_10to14,no,keelenche,yes
49,8,0.16,tree_05to09,no,keelenche,yes
49,3,0.0225,sapling,no,keelenche,yes
49,6,0.09,tree_05to09,no,keelenche,yes
49,2,0.01,sapling,no,keelenche,yes
49,1,0.0025,sapling,no,keelenche,yes
49,1,0.0025,sapling,no,keelenche,yes
49,5,0.0625,tree_05to09,no,keelenche,yes
49,3,0.0225,sapling,no,keelenche,yes
49,10,0.25,tree_10to14,no,keelenche,yes
49,11,0.3025,tree_10to14,no,keelenche,yes
49,4,0.04,sapling,no,keelenche,yes
49,17,0.7224999999999999,tree_15to19,no,keelenche,yes
49,5,0.0625,tree_05to09,no,keelenche,yes
49,2,0.01,sapling,no,keelenche,yes
49,8,0.16,tree_05to09,no,keelenche,yes
49,3,0.0225,sapling,no,keelenche,yes
49,10,0.25,tree_10to14,no,keelenche,yes
49,4,0.04,sapling,no,keelenche,yes
49,2,0.01,sapling,no,keelenche,yes
49,2,0.01,sapling,no,keelenche,yes
49,5,0.0625,tree_05to09,no,keelenche,yes
49,3,0.0225,sapling,no,keelenche,yes
49,3,0.0225,sapling,no,keelenche,yes
49,2,0.01,sapling,no,keelenche,yes
49,4,0.04,sapling,no,keelenche,yes
49,9,0.20249999999999999,tree_05to09,no,keelenche,yes
49,7,0.1225,tree_05to09,no,keelenche,yes
49,2,0.01,sapling,no,keelenche,yes
49,9,0.20249999999999999,tree_05to09,no,keelenche,yes
49,1,0.0025,sapling,no,keelenche,yes
49,14,0.49,tree_10to14,no,keelenche,yes
49,10,0.25,tree_10to14,no,keelenche,yes
49,9,0.20249999999999999,tree_05to09,no,keelenche,yes
49,6,0.09,tree_05to09,no,keelenche,yes
49,10,0.25,tree_10to14,no,keelenche,yes
49,9,0.20249999999999999,tree_05to09,no,keelenche,yes
49,10,0.25,tree_10to14,no,keelenche,yes
49,3,0.0225,sapling,no,keelenche,yes
49,3,0.0225,sapling,no,keelenche,yes
49,1,0.0025,sapling,no,keelenche,yes
49,7,0.1225,tree_05to09,no,keelenche,yes
49,5,0.0625,tree_05to09,no,keelenche,yes
49,3,0.0225,sapling,no,keelenche,yes
49,3,0.0225,sapling,no,keelenche,yes
49,7,0.1225,tree_05to09,no,keelenche,yes
49,4,0.04,sapling,no,keelenche,yes
49,6,0.09,tree_05to09,no,keelenche,yes
49,5,0.0625,tree_05to09,no,keelenche,yes
49,8,0.16,tree_05to09,no,keelenche,yes
49,5,0.0625,tree_05to09,no,keelenche,yes
49,5,0.0625,tree_05to09,no,keelenche,yes
49,5,0.0625,tree_05to09,no,keelenche,yes
49,2,0.01,sapling,no,keelenche,yes
49,7,0.1225,tree_05to09,no,keelenche,yes
49,9,0.20249999999999999,tree_05to09,no,keelenche,yes
49,2,0.01,sapling,no,keelenche,yes
49,3,0.0225,sapling,no,keelenche,yes
49,6,0.09,tree_05to09,no,keelenche,yes
49,7,0.1225,tree_05to09,no,keelenche,yes
49,9,0.20249999999999999,tree_05to09,no,keelenche,yes
49,6,0.09,tree_05to09,no,keelenche,yes
49,12,0.36,tree_10to14,no,keelenche,yes
49,10,0.25,tree_10to14,no,keelenche,yes
49,3,0.0225,sapling,no,keelenche,yes
49,8,0.16,tree_05to09,no,keelenche,yes
49,9,0.20249999999999999,tree_05to09,no,keelenche,yes
49,3,0.0225,sapling,no,keelenche,yes
49,2,0.01,sapling,no,keelenche,yes
49,2,0.01,sapling,no,keelenche,yes
50,14,0.49,tree_10to14,yes,keelenche,yes
50,7,0.1225,tree_05to09,yes,keelenche,yes
50,5,0.0625,tree_05to09,yes,keelenche,yes
50,4,0.04,sapling,yes,keelenche,yes
50,8,0.16,tree_05to09,yes,keelenche,yes
50,3,0.0225,sapling,yes,keelenche,yes
50,3,0.0225,sapling,yes,keelenche,yes
50,6,0.09,tree_05to09,yes,keelenche,yes
50,4,0.04,sapling,yes,keelenche,yes
50,6,0.09,tree_05to09,yes,keelenche,yes
50,4,0.04,sapling,yes,keelenche,yes
50,9,0.20249999999999999,tree_05to09,yes,keelenche,yes
50,16,0.64,tree_15to19,yes,keelenche,yes
50,17,0.7224999999999999,tree_15to19,yes,keelenche,yes
50,8,0.16,tree_05to09,yes,keelenche,yes
50,5,0.0625,tree_05to09,yes,keelenche,yes
50,1,0.0025,sapling,yes,keelenche,yes
50,9,0.20249999999999999,tree_05to09,yes,keelenche,yes
50,10,0.25,tree_10to14,yes,keelenche,yes
50,7,0.1225,tree_05to09,yes,keelenche,yes
50,18,0.8099999999999999,tree_15to19,yes,keelenche,yes
50,6,0.09,tree_05to09,yes,keelenche,yes
50,9,0.20249999999999999,tree_05to09,yes,keelenche,yes
50,11,0.3025,tree_10to14,yes,keelenche,yes
50,2,0.01,sapling,yes,keelenche,yes
50,12,0.36,tree_10to14,yes,keelenche,yes
50,14,0.49,tree_10to14,yes,keelenche,yes
50,2,0.01,sapling,yes,keelenche,yes
50,2,0.01,sapling,yes,keelenche,yes
50,11,0.3025,tree_10to14,yes,keelenche,yes
50,9,0.20249999999999999,tree_05to09,yes,keelenche,yes
50,12,0.36,tree_10to14,yes,keelenche,yes
50,3,0.0225,sapling,yes,keelenche,yes
51,8,0.16,tree_05to09,yes,keelenche,yes
51,5,0.0625,tree_05to09,yes,keelenche,yes
51,7,0.1225,tree_05to09,yes,keelenche,yes
51,16,0.64,tree_15to19,yes,keelenche,yes
51,15,0.5625,tree_15to19,yes,keelenche,yes
51,11,0.3025,tree_10to14,yes,keelenche,yes
51,11,0.3025,tree_10to14,yes,keelenche,yes
51,2,0.01,sapling,yes,keelenche,yes
51,1,0.0025,sapling,yes,keelenche,yes
51,1,0.0025,sapling,yes,keelenche,yes
51,1,0.0025,sapling,yes,keelenche,yes
51,1,0.0025,sapling,yes,keelenche,yes
51,12,0.36,tree_10to14,yes,keelenche,yes
51,12,0.36,tree_10to14,yes,keelenche,yes
51,13,0.4225,tree_10to14,yes,keelenche,yes
51,5,0.0625,tree_05to09,yes,keelenche,yes
51,13,0.4225,tree_10to14,yes,keelenche,yes
51,2,0.01,sapling,yes,keelenche,yes
51,10,0.25,tree_10to14,yes,keelenche,yes
51,6,0.09,tree_05to09,yes,keelenche,yes
51,12,0.36,tree_10to14,yes,keelenche,yes
51,11,0.3025,tree_10to14,yes,keelenche,yes
51,3,0.0225,sapling,yes,keelenche,yes
51,3,0.0225,sapling,yes,keelenche,yes
51,15,0.5625,tree_15to19,yes,keelenche,yes
51,7,0.1225,tree_05to09,yes,keelenche,yes
51,2,0.01,sapling,yes,keelenche,yes
51,2,0.01,sapling,yes,keelenche,yes
51,3,0.0225,sapling,yes,keelenche,yes
51,5,0.0625,tree_05to09,yes,keelenche,yes
51,5,0.0625,tree_05to09,yes,keelenche,yes
51,4,0.04,sapling,yes,keelenche,yes
51,7,0.1225,tree_05to09,yes,keelenche,yes
51,14,0.49,tree_10to14,yes,keelenche,yes
51,13,0.4225,tree_10to14,yes,keelenche,yes
51,12,0.36,tree_10to14,yes,keelenche,yes
51,10,0.25,tree_10to14,yes,keelenche,yes
51,9,0.20249999999999999,tree_05to09,yes,keelenche,yes
51,6,0.09,tree_05to09,yes,keelenche,yes
51,4,0.04,sapling,yes,keelenche,yes
51,8,0.16,tree_05to09,yes,keelenche,yes
51,12,0.36,tree_10to14,yes,keelenche,yes
52,9,0.20249999999999999,tree_05to09,no,keelenche,yes
52,21,1.1024999999999998,tree_20plus,no,keelenche,yes
52,16,0.64,tree_15to19,no,keelenche,yes
52,4,0.04,sapling,no,keelenche,yes
52,7,0.1225,tree_05to09,no,keelenche,yes
52,7,0.1225,tree_05to09,no,keelenche,yes
52,7,0.1225,tree_05to09,no,keelenche,yes
52,4,0.04,sapling,no,keelenche,yes
52,11,0.3025,tree_10to14,no,keelenche,yes
52,14,0.49,tree_10to14,no,keelenche,yes
52,9,0.20249999999999999,tree_05to09,no,keelenche,yes
52,5,0.0625,tree_05to09,no,keelenche,yes
52,7,0.1225,tree_05to09,no,keelenche,yes
52,8,0.16,tree_05to09,no,keelenche,yes
52,6,0.09,tree_05to09,no,keelenche,yes
52,8,0.16,tree_05to09,no,keelenche,yes
52,5,0.0625,tree_05to09,no,keelenche,yes
52,7,0.1225,tree_05to09,no,keelenche,yes
52,7,0.1225,tree_05to09,no,keelenche,yes
52,10,0.25,tree_10to14,no,keelenche,yes
52,3,0.0225,sapling,no,keelenche,yes
52,21,1.1024999999999998,tree_20plus,no,keelenche,yes
52,9,0.20249999999999999,tree_05to09,no,keelenche,yes
53,13,0.4225,tree_10to14,yes,keelenche,yes
53,9,0.20249999999999999,tree_05to09,yes,keelenche,yes
53,10,0.25,tree_10to14,yes,keelenche,yes
53,4,0.04,sapling,yes,keelenche,yes
53,17,0.7224999999999999,tree_15to19,yes,keelenche,yes
53,12,0.36,tree_10to14,yes,keelenche,yes
53,14,0.49,tree_10to14,yes,keelenche,yes
53,10,0.25,tree_10to14,yes,keelenche,yes
53,2,0.01,sapling,yes,keelenche,yes
53,2,0.01,sapling,yes,keelenche,yes
53,2,0.01,sapling,yes,keelenche,yes
53,1,0.0025,sapling,yes,keelenche,yes
53,1,0.0025,sapling,yes,keelenche,yes
53,1,0.0025,sapling,yes,keelenche,yes
53,16,0.64,tree_15to19,yes,keelenche,yes
53,12,0.36,tree_10to14,yes,keelenche,yes
53,14,0.49,tree_10to14,yes,keelenche,yes
53,6,0.09,tree_05to09,yes,keelenche,yes
53,8,0.16,tree_05to09,yes,keelenche,yes
53,12,0.36,tree_10to14,yes,keelenche,yes
53,6,0.09,tree_05to09,yes,keelenche,yes
53,20,1,tree_20plus,yes,keelenche,yes
53,8,0.16,tree_05to09,yes,keelenche,yes
53,3,0.0225,sapling,yes,keelenche,yes
53,2,0.01,sapling,yes,keelenche,yes
53,3,0.0225,sapling,yes,keelenche,yes
53,2,0.01,sapling,yes,keelenche,yes
54,11,0.3025,tree_10to14,no,keelenche,yes
54,8,0.16,tree_05to09,no,keelenche,yes
54,6,0.09,tree_05to09,no,keelenche,yes
54,13,0.4225,tree_10to14,no,keelenche,yes
54,9,0.20249999999999999,tree_05to09,no,keelenche,yes
54,7,0.1225,tree_05to09,no,keelenche,yes
54,4,0.04,sapling,no,keelenche,yes
54,11,0.3025,tree_10to14,no,keelenche,yes
54,12,0.36,tree_10to14,no,keelenche,yes
54,5,0.0625,tree_05to09,no,keelenche,yes
54,10,0.25,tree_10to14,no,keelenche,yes
54,8,0.16,tree_05to09,no,keelenche,yes
54,7,0.1225,tree_05to09,no,keelenche,yes
54,1,0.0025,sapling,no,keelenche,yes
54,3,0.0225,sapling,no,keelenche,yes
54,6,0.09,tree_05to09,no,keelenche,yes
54,6,0.09,tree_05to09,no,keelenche,yes
54,7,0.1225,tree_05to09,no,keelenche,yes
54,8,0.16,tree_05to09,no,keelenche,yes
54,13,0.4225,tree_10to14,no,keelenche,yes
54,6,0.09,tree_05to09,no,keelenche,yes
54,6,0.09,tree_05to09,no,keelenche,yes
54,2,0.01,sapling,no,keelenche,yes
54,5,0.0625,tree_05to09,no,keelenche,yes
54,8,0.16,tree_05to09,no,keelenche,yes
54,7,0.1225,tree_05to09,no,keelenche,yes
54,9,0.20249999999999999,tree_05to09,no,keelenche,yes
54,6,0.09,tree_05to09,no,keelenche,yes
54,5,0.0625,tree_05to09,no,keelenche,yes
54,7,0.1225,tree_05to09,no,keelenche,yes
54,6,0.09,tree_05to09,no,keelenche,yes
54,4,0.04,sapling,no,keelenche,yes
54,4,0.04,sapling,no,keelenche,yes
54,5,0.0625,tree_05to09,no,keelenche,yes
54,4,0.04,sapling,no,keelenche,yes
54,10,0.25,tree_10to14,no,keelenche,yes
54,13,0.4225,tree_10to14,no,keelenche,yes
54,11,0.3025,tree_10to14,no,keelenche,yes
54,8,0.16,tree_05to09,no,keelenche,yes
54,4,0.04,sapling,no,keelenche,yes
54,5,0.0625,tree_05to09,no,keelenche,yes
54,15,0.5625,tree_15to19,no,keelenche,yes
54,10,0.25,tree_10to14,no,keelenche,yes
54,8,0.16,tree_05to09,no,keelenche,yes
54,4,0.04,sapling,no,keelenche,yes
